technique,chunk_index,chunk_length
token,0,1029
token,1,1333
token,2,2173
token,3,2569
token,4,1394
token,5,1104
token,6,1081
token,7,1201
token,8,1103
token,9,1110
token,10,1111
token,11,1084
token,12,1004
token,13,1091
token,14,1257
token,15,1182
token,16,1298
token,17,1107
token,18,1091
token,19,1021
token,20,979
token,21,1104
token,22,1067
token,23,1121
token,24,1106
token,25,1137
token,26,1007
token,27,1121
token,28,1141
token,29,960
token,30,1032
token,31,905
token,32,924
token,33,876
token,34,919
token,35,849
token,36,974
token,37,858
token,38,909
token,39,828
token,40,838
token,41,934
token,42,806
token,43,749
token,44,883
token,45,830
token,46,839
token,47,889
token,48,947
token,49,894
token,50,895
token,51,820
token,52,1055
token,53,961
token,54,901
token,55,819
token,56,914
token,57,865
token,58,869
token,59,988
token,60,823
token,61,951
token,62,898
token,63,889
token,64,620
token,65,942
token,66,792
token,67,911
token,68,906
token,69,856
token,70,877
token,71,1066
token,72,755
token,73,953
token,74,903
token,75,816
token,76,934
token,77,758
token,78,791
token,79,813
token,80,838
token,81,843
token,82,910
token,83,864
token,84,885
token,85,830
token,86,910
token,87,969
token,88,950
token,89,857
token,90,943
token,91,797
token,92,1025
token,93,868
token,94,993
token,95,891
token,96,914
token,97,946
token,98,962
token,99,966
token,100,815
token,101,885
token,102,887
token,103,990
token,104,958
token,105,962
token,106,949
token,107,904
token,108,916
token,109,945
token,110,912
token,111,1033
token,112,961
token,113,1020
token,114,949
token,115,822
token,116,846
token,117,933
token,118,920
token,119,751
token,120,828
token,121,890
token,122,845
token,123,909
token,124,915
token,125,1003
token,126,727
token,127,738
token,128,864
token,129,896
token,130,968
token,131,853
token,132,820
token,133,774
token,134,1069
token,135,881
token,136,954
token,137,971
token,138,864
token,139,1022
token,140,897
token,141,890
token,142,846
token,143,899
token,144,918
token,145,910
token,146,958
token,147,831
token,148,900
token,149,891
token,150,867
token,151,963
token,152,939
token,153,786
token,154,1026
token,155,894
token,156,925
token,157,831
token,158,906
token,159,895
token,160,932
token,161,993
token,162,1020
token,163,1020
token,164,919
token,165,951
token,166,1049
token,167,1031
token,168,1057
token,169,941
token,170,902
token,171,989
token,172,871
token,173,876
token,174,805
token,175,792
token,176,850
token,177,984
token,178,201
token,179,944
token,180,969
token,181,980
token,182,749
token,183,1078
token,184,996
token,185,1034
token,186,1051
token,187,844
token,188,1062
token,189,987
token,190,208
token,191,2174
token,192,1724
token,193,1287
token,194,1164
token,195,1184
token,196,1188
token,197,1204
token,198,1128
token,199,1183
token,200,1130
token,201,1172
token,202,1011
token,203,1096
token,204,1080
token,205,1137
token,206,1084
token,207,1097
token,208,1166
token,209,1194
token,210,1105
token,211,1177
token,212,1141
token,213,1149
token,214,1126
token,215,1106
token,216,902
token,217,981
token,218,1096
token,219,1022
token,220,995
token,221,1073
token,222,1059
token,223,1042
token,224,1068
token,225,1097
token,226,1103
token,227,1031
token,228,1026
token,229,921
token,230,968
token,231,1168
token,232,885
token,233,878
token,234,931
token,235,1103
token,236,1106
token,237,1090
token,238,1242
token,239,874
token,240,896
token,241,961
token,242,1030
token,243,949
token,244,964
token,245,1213
token,246,1035
token,247,1058
token,248,923
token,249,939
token,250,1072
token,251,958
token,252,962
token,253,1127
token,254,928
token,255,938
token,256,1021
token,257,903
token,258,930
token,259,982
token,260,878
token,261,941
token,262,1136
token,263,1092
token,264,1122
token,265,1118
token,266,926
token,267,826
token,268,981
token,269,1229
token,270,1222
token,271,1195
token,272,921
token,273,838
token,274,763
token,275,770
token,276,702
token,277,892
token,278,1035
token,279,1053
token,280,1010
token,281,1184
token,282,1237
token,283,1146
token,284,945
token,285,1018
token,286,1087
token,287,1158
token,288,1114
token,289,1088
token,290,840
token,291,843
token,292,861
token,293,1049
token,294,1061
token,295,1099
token,296,888
token,297,942
token,298,998
token,299,994
token,300,1004
token,301,1162
token,302,1234
token,303,1231
token,304,1174
token,305,1023
token,306,1109
token,307,1144
token,308,1012
token,309,842
token,310,1016
token,311,985
token,312,1220
token,313,1089
token,314,968
token,315,901
token,316,856
token,317,845
token,318,878
token,319,1000
token,320,947
token,321,995
token,322,862
token,323,979
token,324,957
token,325,1026
token,326,1167
token,327,1230
token,328,1209
token,329,881
token,330,1021
token,331,988
token,332,943
token,333,969
token,334,880
token,335,954
token,336,925
token,337,846
token,338,1072
token,339,912
token,340,1132
token,341,1244
token,342,1139
token,343,1176
token,344,1132
token,345,1151
token,346,1234
token,347,910
token,348,909
token,349,939
token,350,1001
token,351,989
token,352,1100
token,353,1265
token,354,1241
token,355,1103
token,356,1127
token,357,1151
token,358,1041
token,359,894
token,360,902
token,361,911
token,362,951
token,363,1160
token,364,1198
token,365,1208
token,366,1053
token,367,910
token,368,983
token,369,942
token,370,1053
token,371,1051
token,372,1106
token,373,851
token,374,850
token,375,879
token,376,973
token,377,1010
token,378,891
token,379,903
token,380,1043
token,381,1264
token,382,1057
token,383,1018
token,384,1070
token,385,1032
token,386,1085
token,387,1126
token,388,887
token,389,1031
token,390,1122
token,391,1108
token,392,1058
token,393,884
token,394,990
token,395,921
token,396,822
token,397,1060
token,398,1083
token,399,1051
token,400,941
token,401,996
token,402,1015
token,403,1121
token,404,1171
token,405,1002
token,406,978
token,407,1013
token,408,1141
token,409,1126
token,410,960
token,411,857
token,412,839
token,413,1019
token,414,951
token,415,852
token,416,1222
token,417,1211
token,418,1121
token,419,988
token,420,1230
token,421,1018
token,422,992
token,423,1091
token,424,1121
token,425,991
token,426,962
token,427,962
token,428,987
token,429,926
token,430,968
token,431,959
token,432,1133
token,433,1262
token,434,1248
token,435,1162
token,436,1232
token,437,1163
token,438,1004
token,439,1073
token,440,1049
token,441,1350
token,442,1133
token,443,1017
token,444,1026
token,445,908
token,446,1060
token,447,1215
token,448,1102
token,449,1020
token,450,985
token,451,1184
token,452,1140
token,453,831
token,454,1004
token,455,782
token,456,946
token,457,998
token,458,890
token,459,885
token,460,1087
token,461,1213
token,462,1076
token,463,824
token,464,1073
token,465,963
token,466,1015
token,467,988
token,468,1068
token,469,1123
token,470,1197
token,471,1239
token,472,887
token,473,997
token,474,906
token,475,886
token,476,934
token,477,993
token,478,807
token,479,934
token,480,990
token,481,1015
token,482,1197
token,483,1280
token,484,1177
token,485,1195
token,486,1115
token,487,1203
token,488,1036
token,489,916
token,490,746
token,491,883
token,492,1032
token,493,919
token,494,894
token,495,809
token,496,883
token,497,927
token,498,972
token,499,946
token,500,1184
token,501,1150
token,502,1104
token,503,984
token,504,965
token,505,862
token,506,771
token,507,966
token,508,880
token,509,1132
token,510,1114
token,511,1046
token,512,1239
token,513,1179
token,514,1015
token,515,992
token,516,1008
token,517,1074
token,518,1243
token,519,1244
token,520,1173
token,521,907
token,522,840
token,523,897
token,524,845
token,525,937
token,526,993
token,527,1094
token,528,1204
token,529,940
token,530,930
token,531,911
token,532,927
token,533,967
token,534,1042
token,535,1175
token,536,1178
token,537,1197
token,538,925
token,539,985
token,540,882
token,541,868
token,542,957
token,543,1162
token,544,1013
token,545,872
token,546,850
token,547,981
token,548,1079
token,549,1094
token,550,904
token,551,976
token,552,911
token,553,979
token,554,850
token,555,975
token,556,1227
token,557,1208
token,558,1256
token,559,1201
token,560,1001
token,561,862
token,562,902
token,563,970
token,564,936
token,565,1000
token,566,1172
token,567,1005
token,568,1005
token,569,872
token,570,921
token,571,1097
token,572,1018
token,573,1000
token,574,1009
token,575,927
token,576,1105
token,577,1192
token,578,1112
token,579,1150
token,580,901
token,581,899
token,582,1192
token,583,1063
token,584,948
token,585,1169
token,586,1023
token,587,973
token,588,1031
token,589,1027
token,590,1050
token,591,998
token,592,816
token,593,984
token,594,1032
token,595,927
token,596,957
token,597,994
token,598,1025
token,599,1035
token,600,1003
token,601,1079
token,602,974
token,603,1012
token,604,939
token,605,558
token,606,540
token,607,531
token,608,544
token,609,551
token,610,542
token,611,670
token,612,536
token,613,673
token,614,621
token,615,838
token,616,935
token,617,1080
token,618,1077
token,619,1070
token,620,1065
token,621,945
token,622,937
token,623,1116
token,624,1112
token,625,1020
token,626,997
token,627,490
token,628,802
token,629,927
token,630,953
token,631,1043
token,632,1053
token,633,992
token,634,849
token,635,624
token,636,919
token,637,1167
token,638,1028
token,639,1112
token,640,1177
token,641,1109
token,642,1059
token,643,1029
token,644,977
token,645,1126
token,646,1093
token,647,1050
token,648,1051
token,649,1132
token,650,1033
token,651,1080
token,652,1110
token,653,1094
token,654,1021
token,655,1170
token,656,1031
token,657,1146
token,658,1068
token,659,1080
token,660,1113
token,661,1059
token,662,1066
token,663,1054
token,664,1187
token,665,1109
token,666,1138
token,667,1046
token,668,1105
token,669,1093
token,670,1084
token,671,1056
token,672,1073
token,673,1067
token,674,1037
token,675,962
token,676,1055
token,677,1018
token,678,1080
token,679,1178
token,680,1110
token,681,1054
token,682,1141
token,683,1120
token,684,1172
token,685,1159
token,686,1102
token,687,1090
token,688,1070
token,689,1023
token,690,1035
token,691,1085
token,692,289
semantic,0,693
semantic,1,5998
semantic,2,331
semantic,3,1565
semantic,4,1197
semantic,5,10357
semantic,6,1624
semantic,7,8484
semantic,8,380
semantic,9,2361
semantic,10,2239
semantic,11,33
semantic,12,430
semantic,13,1194
semantic,14,2256
semantic,15,1804
semantic,16,33
semantic,17,2702
semantic,18,3696
semantic,19,4316
semantic,20,3012
semantic,21,1638
semantic,22,759
semantic,23,684
semantic,24,2002
semantic,25,224
semantic,26,5592
semantic,27,141
semantic,28,1337
semantic,29,856
semantic,30,4108
semantic,31,1715
semantic,32,129
semantic,33,527
semantic,34,1333
semantic,35,85
semantic,36,716
semantic,37,970
semantic,38,32
semantic,39,1564
semantic,40,33
semantic,41,1931
semantic,42,763
semantic,43,722
semantic,44,2215
semantic,45,3074
semantic,46,8645
semantic,47,670
semantic,48,2997
semantic,49,727
semantic,50,1521
semantic,51,126
semantic,52,870
semantic,53,2106
semantic,54,93
semantic,55,4720
semantic,56,588
semantic,57,899
semantic,58,499
semantic,59,49
semantic,60,634
semantic,61,5190
semantic,62,251
semantic,63,7511
semantic,64,183
semantic,65,579
semantic,66,1986
semantic,67,1788
semantic,68,11328
semantic,69,1950
semantic,70,241
semantic,71,1149
semantic,72,3199
semantic,73,117
semantic,74,1248
semantic,75,2197
semantic,76,1490
semantic,77,1249
semantic,78,354
semantic,79,150
semantic,80,251
semantic,81,1923
semantic,82,129
semantic,83,1000
semantic,84,310
semantic,85,4943
semantic,86,1994
semantic,87,2310
semantic,88,117
semantic,89,919
semantic,90,1699
semantic,91,4921
semantic,92,470
semantic,93,1552
semantic,94,8177
semantic,95,4077
semantic,96,1090
semantic,97,16773
semantic,98,12133
semantic,99,19312
semantic,100,4492
semantic,101,7266
semantic,102,3761
semantic,103,4583
semantic,104,3905
semantic,105,1325
semantic,106,3326
semantic,107,19
semantic,108,4440
semantic,109,234
semantic,110,2256
semantic,111,4952
semantic,112,79
semantic,113,16003
semantic,114,9159
semantic,115,19335
semantic,116,3110
semantic,117,1338
semantic,118,2539
semantic,119,3602
semantic,120,19
semantic,121,8537
semantic,122,5945
semantic,123,391
semantic,124,19
semantic,125,7055
semantic,126,5904
semantic,127,2161
semantic,128,4517
semantic,129,26959
semantic,130,9153
semantic,131,2965
semantic,132,580
semantic,133,3058
semantic,134,458
semantic,135,8205
semantic,136,2403
semantic,137,8639
semantic,138,318
semantic,139,16294
semantic,140,6042
semantic,141,1879
semantic,142,17342
semantic,143,2884
semantic,144,5865
semantic,145,14726
semantic,146,4150
semantic,147,2574
semantic,148,417
semantic,149,119
semantic,150,992
semantic,151,2291
semantic,152,398
semantic,153,2647
semantic,154,286
semantic,155,1109
semantic,156,323
semantic,157,203
semantic,158,294
semantic,159,917
semantic,160,1249
semantic,161,502
semantic,162,232
semantic,163,382
semantic,164,423
semantic,165,4
semantic,166,669
semantic,167,336
semantic,168,1161
semantic,169,4
semantic,170,267
semantic,171,5608
semantic,172,1349
semantic,173,5788
semantic,174,1337
semantic,175,3833
semantic,176,2011
semantic,177,2114
semantic,178,1356
semantic,179,554
semantic,180,43
semantic,181,105
semantic,182,585
semantic,183,3784
semantic,184,1696
semantic,185,1614
semantic,186,430
semantic,187,812
semantic,188,206
semantic,189,2328
semantic,190,199
semantic,191,1248
semantic,192,790
semantic,193,776
semantic,194,819
semantic,195,39
semantic,196,853
semantic,197,147
semantic,198,587
semantic,199,1056
semantic,200,855
semantic,201,550
semantic,202,434
semantic,203,299
semantic,204,1233
semantic,205,406
semantic,206,165
semantic,207,935
semantic,208,473
semantic,209,1024
semantic,210,38
semantic,211,262
semantic,212,886
semantic,213,2729
semantic,214,46
semantic,215,1279
semantic,216,622
semantic,217,586
semantic,218,2138
semantic,219,1917
semantic,220,180
semantic,221,363
semantic,222,473
semantic,223,454
semantic,224,1100
semantic,225,41
semantic,226,37
semantic,227,540
semantic,228,2734
semantic,229,4
semantic,230,170
semantic,231,1099
semantic,232,1234
semantic,233,1811
semantic,234,115
semantic,235,761
semantic,236,364
semantic,237,259
semantic,238,1236
semantic,239,939
semantic,240,1413
semantic,241,128
semantic,242,569
sentence_window,0,578
sentence_window,1,115
sentence_window,2,222
sentence_window,3,68
sentence_window,4,80
sentence_window,5,134
sentence_window,6,124
sentence_window,7,152
sentence_window,8,154
sentence_window,9,223
sentence_window,10,184
sentence_window,11,4191
sentence_window,12,466
sentence_window,13,331
sentence_window,14,134
sentence_window,15,116
sentence_window,16,127
sentence_window,17,114
sentence_window,18,147
sentence_window,19,171
sentence_window,20,145
sentence_window,21,182
sentence_window,22,168
sentence_window,23,123
sentence_window,24,138
sentence_window,25,140
sentence_window,26,265
sentence_window,27,439
sentence_window,28,140
sentence_window,29,122
sentence_window,30,91
sentence_window,31,108
sentence_window,32,129
sentence_window,33,128
sentence_window,34,157
sentence_window,35,139
sentence_window,36,169
sentence_window,37,144
sentence_window,38,234
sentence_window,39,98
sentence_window,40,109
sentence_window,41,73
sentence_window,42,108
sentence_window,43,27
sentence_window,44,129
sentence_window,45,96
sentence_window,46,27
sentence_window,47,292
sentence_window,48,417
sentence_window,49,139
sentence_window,50,155
sentence_window,51,72
sentence_window,52,147
sentence_window,53,108
sentence_window,54,113
sentence_window,55,215
sentence_window,56,136
sentence_window,57,158
sentence_window,58,124
sentence_window,59,62
sentence_window,60,123
sentence_window,61,202
sentence_window,62,144
sentence_window,63,168
sentence_window,64,133
sentence_window,65,265
sentence_window,66,110
sentence_window,67,76
sentence_window,68,291
sentence_window,69,134
sentence_window,70,123
sentence_window,71,140
sentence_window,72,72
sentence_window,73,278
sentence_window,74,231
sentence_window,75,312
sentence_window,76,193
sentence_window,77,110
sentence_window,78,86
sentence_window,79,49
sentence_window,80,33
sentence_window,81,39
sentence_window,82,36
sentence_window,83,142
sentence_window,84,134
sentence_window,85,119
sentence_window,86,30
sentence_window,87,28
sentence_window,88,51
sentence_window,89,61
sentence_window,90,186
sentence_window,91,144
sentence_window,92,84
sentence_window,93,126
sentence_window,94,111
sentence_window,95,92
sentence_window,96,127
sentence_window,97,119
sentence_window,98,69
sentence_window,99,114
sentence_window,100,109
sentence_window,101,96
sentence_window,102,129
sentence_window,103,66
sentence_window,104,112
sentence_window,105,125
sentence_window,106,109
sentence_window,107,211
sentence_window,108,100
sentence_window,109,118
sentence_window,110,84
sentence_window,111,64
sentence_window,112,211
sentence_window,113,128
sentence_window,114,60
sentence_window,115,94
sentence_window,116,137
sentence_window,117,148
sentence_window,118,72
sentence_window,119,123
sentence_window,120,130
sentence_window,121,69
sentence_window,122,124
sentence_window,123,65
sentence_window,124,72
sentence_window,125,68
sentence_window,126,59
sentence_window,127,56
sentence_window,128,183
sentence_window,129,148
sentence_window,130,62
sentence_window,131,88
sentence_window,132,68
sentence_window,133,145
sentence_window,134,208
sentence_window,135,143
sentence_window,136,120
sentence_window,137,166
sentence_window,138,106
sentence_window,139,144
sentence_window,140,96
sentence_window,141,88
sentence_window,142,70
sentence_window,143,49
sentence_window,144,71
sentence_window,145,97
sentence_window,146,171
sentence_window,147,109
sentence_window,148,104
sentence_window,149,132
sentence_window,150,107
sentence_window,151,95
sentence_window,152,196
sentence_window,153,122
sentence_window,154,163
sentence_window,155,131
sentence_window,156,67
sentence_window,157,150
sentence_window,158,137
sentence_window,159,182
sentence_window,160,136
sentence_window,161,142
sentence_window,162,69
sentence_window,163,87
sentence_window,164,82
sentence_window,165,85
sentence_window,166,292
sentence_window,167,94
sentence_window,168,184
sentence_window,169,328
sentence_window,170,64
sentence_window,171,114
sentence_window,172,119
sentence_window,173,177
sentence_window,174,145
sentence_window,175,134
sentence_window,176,158
sentence_window,177,140
sentence_window,178,175
sentence_window,179,217
sentence_window,180,167
sentence_window,181,121
sentence_window,182,217
sentence_window,183,203
sentence_window,184,134
sentence_window,185,88
sentence_window,186,101
sentence_window,187,152
sentence_window,188,166
sentence_window,189,210
sentence_window,190,9
sentence_window,191,26
sentence_window,192,244
sentence_window,193,110
sentence_window,194,96
sentence_window,195,94
sentence_window,196,371
sentence_window,197,178
sentence_window,198,41
sentence_window,199,136
sentence_window,200,16
sentence_window,201,149
sentence_window,202,22
sentence_window,203,233
sentence_window,204,18
sentence_window,205,97
sentence_window,206,18
sentence_window,207,25
sentence_window,208,216
sentence_window,209,94
sentence_window,210,202
sentence_window,211,355
sentence_window,212,133
sentence_window,213,43
sentence_window,214,217
sentence_window,215,23
sentence_window,216,151
sentence_window,217,303
sentence_window,218,18
sentence_window,219,101
sentence_window,220,18
sentence_window,221,221
sentence_window,222,44
sentence_window,223,84
sentence_window,224,22
sentence_window,225,141
sentence_window,226,56
sentence_window,227,87
sentence_window,228,18
sentence_window,229,110
sentence_window,230,18
sentence_window,231,73
sentence_window,232,46
sentence_window,233,138
sentence_window,234,3
sentence_window,235,139
sentence_window,236,32
sentence_window,237,27
sentence_window,238,6
sentence_window,239,27
sentence_window,240,199
sentence_window,241,41
sentence_window,242,147
sentence_window,243,16
sentence_window,244,27
sentence_window,245,6
sentence_window,246,29
sentence_window,247,110
sentence_window,248,188
sentence_window,249,132
sentence_window,250,41
sentence_window,251,177
sentence_window,252,221
sentence_window,253,111
sentence_window,254,16
sentence_window,255,106
sentence_window,256,30
sentence_window,257,27
sentence_window,258,6
sentence_window,259,29
sentence_window,260,111
sentence_window,261,545
sentence_window,262,100
sentence_window,263,49
sentence_window,264,89
sentence_window,265,54
sentence_window,266,87
sentence_window,267,43
sentence_window,268,56
sentence_window,269,13
sentence_window,270,48
sentence_window,271,18
sentence_window,272,49
sentence_window,273,18
sentence_window,274,42
sentence_window,275,21
sentence_window,276,90
sentence_window,277,15
sentence_window,278,71
sentence_window,279,20
sentence_window,280,180
sentence_window,281,16
sentence_window,282,30
sentence_window,283,16
sentence_window,284,67
sentence_window,285,66
sentence_window,286,100
sentence_window,287,13
sentence_window,288,137
sentence_window,289,30
sentence_window,290,27
sentence_window,291,6
sentence_window,292,29
sentence_window,293,111
sentence_window,294,126
sentence_window,295,233
sentence_window,296,47
sentence_window,297,55
sentence_window,298,118
sentence_window,299,91
sentence_window,300,41
sentence_window,301,72
sentence_window,302,16
sentence_window,303,185
sentence_window,304,35
sentence_window,305,120
sentence_window,306,19
sentence_window,307,78
sentence_window,308,18
sentence_window,309,65
sentence_window,310,18
sentence_window,311,100
sentence_window,312,79
sentence_window,313,36
sentence_window,314,54
sentence_window,315,25
sentence_window,316,27
sentence_window,317,6
sentence_window,318,27
sentence_window,319,96
sentence_window,320,263
sentence_window,321,43
sentence_window,322,173
sentence_window,323,16
sentence_window,324,154
sentence_window,325,16
sentence_window,326,189
sentence_window,327,54
sentence_window,328,159
sentence_window,329,16
sentence_window,330,143
sentence_window,331,16
sentence_window,332,217
sentence_window,333,173
sentence_window,334,70
sentence_window,335,162
sentence_window,336,65
sentence_window,337,395
sentence_window,338,142
sentence_window,339,83
sentence_window,340,30
sentence_window,341,29
sentence_window,342,55
sentence_window,343,6
sentence_window,344,29
sentence_window,345,119
sentence_window,346,326
sentence_window,347,45
sentence_window,348,43
sentence_window,349,65
sentence_window,350,16
sentence_window,351,173
sentence_window,352,22
sentence_window,353,150
sentence_window,354,29
sentence_window,355,155
sentence_window,356,118
sentence_window,357,57
sentence_window,358,181
sentence_window,359,22
sentence_window,360,154
sentence_window,361,22
sentence_window,362,29
sentence_window,363,74
sentence_window,364,6
sentence_window,365,29
sentence_window,366,124
sentence_window,367,135
sentence_window,368,256
sentence_window,369,271
sentence_window,370,119
sentence_window,371,120
sentence_window,372,43
sentence_window,373,63
sentence_window,374,16
sentence_window,375,102
sentence_window,376,20
sentence_window,377,94
sentence_window,378,16
sentence_window,379,92
sentence_window,380,54
sentence_window,381,198
sentence_window,382,19
sentence_window,383,29
sentence_window,384,177
sentence_window,385,6
sentence_window,386,29
sentence_window,387,166
sentence_window,388,156
sentence_window,389,58
sentence_window,390,134
sentence_window,391,57
sentence_window,392,57
sentence_window,393,51
sentence_window,394,32
sentence_window,395,22
sentence_window,396,64
sentence_window,397,46
sentence_window,398,73
sentence_window,399,146
sentence_window,400,122
sentence_window,401,65
sentence_window,402,81
sentence_window,403,216
sentence_window,404,96
sentence_window,405,85
sentence_window,406,42
sentence_window,407,43
sentence_window,408,172
sentence_window,409,40
sentence_window,410,29
sentence_window,411,58
sentence_window,412,6
sentence_window,413,29
sentence_window,414,67
sentence_window,415,236
sentence_window,416,200
sentence_window,417,161
sentence_window,418,287
sentence_window,419,250
sentence_window,420,42
sentence_window,421,74
sentence_window,422,91
sentence_window,423,395
sentence_window,424,126
sentence_window,425,284
sentence_window,426,174
sentence_window,427,43
sentence_window,428,119
sentence_window,429,20
sentence_window,430,159
sentence_window,431,16
sentence_window,432,91
sentence_window,433,16
sentence_window,434,133
sentence_window,435,167
sentence_window,436,16
sentence_window,437,29
sentence_window,438,121
sentence_window,439,6
sentence_window,440,29
sentence_window,441,113
sentence_window,442,194
sentence_window,443,41
sentence_window,444,252
sentence_window,445,20
sentence_window,446,118
sentence_window,447,16
sentence_window,448,155
sentence_window,449,19
sentence_window,450,15
sentence_window,451,47
sentence_window,452,6
sentence_window,453,29
sentence_window,454,81
sentence_window,455,346
sentence_window,456,137
sentence_window,457,121
sentence_window,458,115
sentence_window,459,43
sentence_window,460,74
sentence_window,461,13
sentence_window,462,139
sentence_window,463,13
sentence_window,464,49
sentence_window,465,13
sentence_window,466,44
sentence_window,467,13
sentence_window,468,42
sentence_window,469,13
sentence_window,470,131
sentence_window,471,24
sentence_window,472,148
sentence_window,473,13
sentence_window,474,132
sentence_window,475,22
sentence_window,476,41
sentence_window,477,17
sentence_window,478,100
sentence_window,479,17
sentence_window,480,149
sentence_window,481,16
sentence_window,482,85
sentence_window,483,51
sentence_window,484,100
sentence_window,485,16
sentence_window,486,94
sentence_window,487,78
sentence_window,488,37
sentence_window,489,93
sentence_window,490,58
sentence_window,491,3
sentence_window,492,97
sentence_window,493,58
sentence_window,494,13
sentence_window,495,90
sentence_window,496,22
sentence_window,497,27
sentence_window,498,6
sentence_window,499,27
sentence_window,500,103
sentence_window,501,406
sentence_window,502,115
sentence_window,503,82
sentence_window,504,110
sentence_window,505,151
sentence_window,506,326
sentence_window,507,99
sentence_window,508,142
sentence_window,509,51
sentence_window,510,101
sentence_window,511,21
sentence_window,512,97
sentence_window,513,21
sentence_window,514,110
sentence_window,515,21
sentence_window,516,87
sentence_window,517,191
sentence_window,518,114
sentence_window,519,95
sentence_window,520,47
sentence_window,521,64
sentence_window,522,72
sentence_window,523,51
sentence_window,524,60
sentence_window,525,21
sentence_window,526,71
sentence_window,527,21
sentence_window,528,91
sentence_window,529,13
sentence_window,530,129
sentence_window,531,16
sentence_window,532,85
sentence_window,533,114
sentence_window,534,83
sentence_window,535,151
sentence_window,536,424
sentence_window,537,66
sentence_window,538,65
sentence_window,539,39
sentence_window,540,44
sentence_window,541,13
sentence_window,542,222
sentence_window,543,85
sentence_window,544,92
sentence_window,545,98
sentence_window,546,185
sentence_window,547,169
sentence_window,548,255
sentence_window,549,136
sentence_window,550,3
sentence_window,551,183
sentence_window,552,123
sentence_window,553,3
sentence_window,554,104
sentence_window,555,18
sentence_window,556,101
sentence_window,557,21
sentence_window,558,97
sentence_window,559,21
sentence_window,560,110
sentence_window,561,59
sentence_window,562,60
sentence_window,563,21
sentence_window,564,71
sentence_window,565,21
sentence_window,566,48
sentence_window,567,13
sentence_window,568,84
sentence_window,569,433
sentence_window,570,62
sentence_window,571,65
sentence_window,572,40
sentence_window,573,250
sentence_window,574,29
sentence_window,575,101
sentence_window,576,21
sentence_window,577,169
sentence_window,578,21
sentence_window,579,115
sentence_window,580,24
sentence_window,581,116
sentence_window,582,3
sentence_window,583,111
sentence_window,584,16
sentence_window,585,93
sentence_window,586,54
sentence_window,587,118
sentence_window,588,15
sentence_window,589,48
sentence_window,590,71
sentence_window,591,22
sentence_window,592,84
sentence_window,593,16
sentence_window,594,29
sentence_window,595,112
sentence_window,596,6
sentence_window,597,29
sentence_window,598,90
sentence_window,599,126
sentence_window,600,101
sentence_window,601,83
sentence_window,602,223
sentence_window,603,246
sentence_window,604,78
sentence_window,605,71
sentence_window,606,43
sentence_window,607,49
sentence_window,608,82
sentence_window,609,88
sentence_window,610,13
sentence_window,611,77
sentence_window,612,13
sentence_window,613,60
sentence_window,614,13
sentence_window,615,58
sentence_window,616,13
sentence_window,617,110
sentence_window,618,13
sentence_window,619,46
sentence_window,620,13
sentence_window,621,125
sentence_window,622,13
sentence_window,623,51
sentence_window,624,19
sentence_window,625,27
sentence_window,626,6
sentence_window,627,27
sentence_window,628,271
sentence_window,629,41
sentence_window,630,60
sentence_window,631,16
sentence_window,632,55
sentence_window,633,18
sentence_window,634,113
sentence_window,635,15
sentence_window,636,131
sentence_window,637,3
sentence_window,638,169
sentence_window,639,32
sentence_window,640,52
sentence_window,641,18
sentence_window,642,212
sentence_window,643,27
sentence_window,644,89
sentence_window,645,21
sentence_window,646,143
sentence_window,647,84
sentence_window,648,19
sentence_window,649,116
sentence_window,650,19
sentence_window,651,78
sentence_window,652,379
sentence_window,653,222
sentence_window,654,225
sentence_window,655,21
sentence_window,656,29
sentence_window,657,56
sentence_window,658,6
sentence_window,659,29
sentence_window,660,62
sentence_window,661,161
sentence_window,662,41
sentence_window,663,123
sentence_window,664,3
sentence_window,665,112
sentence_window,666,27
sentence_window,667,97
sentence_window,668,16
sentence_window,669,172
sentence_window,670,465
sentence_window,671,122
sentence_window,672,91
sentence_window,673,41
sentence_window,674,63
sentence_window,675,16
sentence_window,676,146
sentence_window,677,42
sentence_window,678,417
sentence_window,679,25
sentence_window,680,3
sentence_window,681,86
sentence_window,682,18
sentence_window,683,99
sentence_window,684,16
sentence_window,685,106
sentence_window,686,15
sentence_window,687,68
sentence_window,688,15
sentence_window,689,310
sentence_window,690,16
sentence_window,691,29
sentence_window,692,94
sentence_window,693,6
sentence_window,694,28
sentence_window,695,263
sentence_window,696,41
sentence_window,697,182
sentence_window,698,13
sentence_window,699,296
sentence_window,700,16
sentence_window,701,29
sentence_window,702,71
sentence_window,703,105
sentence_window,704,247
sentence_window,705,43
sentence_window,706,56
sentence_window,707,13
sentence_window,708,288
sentence_window,709,13
sentence_window,710,98
sentence_window,711,13
sentence_window,712,29
sentence_window,713,16
sentence_window,714,29
sentence_window,715,50
sentence_window,716,6
sentence_window,717,28
sentence_window,718,224
sentence_window,719,145
sentence_window,720,158
sentence_window,721,43
sentence_window,722,102
sentence_window,723,16
sentence_window,724,25
sentence_window,725,16
sentence_window,726,84
sentence_window,727,29
sentence_window,728,126
sentence_window,729,181
sentence_window,730,92
sentence_window,731,104
sentence_window,732,70
sentence_window,733,57
sentence_window,734,3
sentence_window,735,57
sentence_window,736,3
sentence_window,737,58
sentence_window,738,3
sentence_window,739,57
sentence_window,740,5
sentence_window,741,27
sentence_window,742,5
sentence_window,743,27
sentence_window,744,110
sentence_window,745,211
sentence_window,746,36
sentence_window,747,163
sentence_window,748,61
sentence_window,749,68
sentence_window,750,43
sentence_window,751,164
sentence_window,752,13
sentence_window,753,48
sentence_window,754,13
sentence_window,755,36
sentence_window,756,58
sentence_window,757,231
sentence_window,758,13
sentence_window,759,67
sentence_window,760,13
sentence_window,761,173
sentence_window,762,16
sentence_window,763,27
sentence_window,764,6
sentence_window,765,27
sentence_window,766,204
sentence_window,767,89
sentence_window,768,118
sentence_window,769,179
sentence_window,770,211
sentence_window,771,50
sentence_window,772,40
sentence_window,773,43
sentence_window,774,155
sentence_window,775,28
sentence_window,776,174
sentence_window,777,15
sentence_window,778,141
sentence_window,779,41
sentence_window,780,385
sentence_window,781,31
sentence_window,782,27
sentence_window,783,6
sentence_window,784,28
sentence_window,785,298
sentence_window,786,270
sentence_window,787,131
sentence_window,788,3
sentence_window,789,45
sentence_window,790,13
sentence_window,791,121
sentence_window,792,18
sentence_window,793,131
sentence_window,794,34
sentence_window,795,267
sentence_window,796,93
sentence_window,797,63
sentence_window,798,300
sentence_window,799,3
sentence_window,800,97
sentence_window,801,27
sentence_window,802,45
sentence_window,803,176
sentence_window,804,354
sentence_window,805,3
sentence_window,806,114
sentence_window,807,13
sentence_window,808,72
sentence_window,809,123
sentence_window,810,227
sentence_window,811,73
sentence_window,812,33
sentence_window,813,108
sentence_window,814,285
sentence_window,815,99
sentence_window,816,3
sentence_window,817,89
sentence_window,818,16
sentence_window,819,96
sentence_window,820,27
sentence_window,821,146
sentence_window,822,32
sentence_window,823,226
sentence_window,824,50
sentence_window,825,214
sentence_window,826,37
sentence_window,827,93
sentence_window,828,16
sentence_window,829,199
sentence_window,830,13
sentence_window,831,217
sentence_window,832,16
sentence_window,833,65
sentence_window,834,109
sentence_window,835,192
sentence_window,836,17
sentence_window,837,242
sentence_window,838,21
sentence_window,839,238
sentence_window,840,33
sentence_window,841,137
sentence_window,842,14
sentence_window,843,87
sentence_window,844,92
sentence_window,845,19
sentence_window,846,96
sentence_window,847,14
sentence_window,848,138
sentence_window,849,70
sentence_window,850,119
sentence_window,851,134
sentence_window,852,3
sentence_window,853,181
sentence_window,854,16
sentence_window,855,97
sentence_window,856,284
sentence_window,857,113
sentence_window,858,3
sentence_window,859,112
sentence_window,860,14
sentence_window,861,268
sentence_window,862,27
sentence_window,863,111
sentence_window,864,18
sentence_window,865,205
sentence_window,866,172
sentence_window,867,239
sentence_window,868,129
sentence_window,869,3
sentence_window,870,66
sentence_window,871,16
sentence_window,872,136
sentence_window,873,243
sentence_window,874,215
sentence_window,875,16
sentence_window,876,194
sentence_window,877,13
sentence_window,878,82
sentence_window,879,13
sentence_window,880,109
sentence_window,881,196
sentence_window,882,3
sentence_window,883,138
sentence_window,884,16
sentence_window,885,125
sentence_window,886,16
sentence_window,887,88
sentence_window,888,16
sentence_window,889,95
sentence_window,890,16
sentence_window,891,84
sentence_window,892,24
sentence_window,893,173
sentence_window,894,478
sentence_window,895,157
sentence_window,896,139
sentence_window,897,165
sentence_window,898,74
sentence_window,899,142
sentence_window,900,3
sentence_window,901,117
sentence_window,902,16
sentence_window,903,100
sentence_window,904,16
sentence_window,905,85
sentence_window,906,20
sentence_window,907,170
sentence_window,908,16
sentence_window,909,89
sentence_window,910,16
sentence_window,911,140
sentence_window,912,15
sentence_window,913,238
sentence_window,914,13
sentence_window,915,41
sentence_window,916,18
sentence_window,917,206
sentence_window,918,17
sentence_window,919,176
sentence_window,920,266
sentence_window,921,163
sentence_window,922,123
sentence_window,923,110
sentence_window,924,56
sentence_window,925,79
sentence_window,926,84
sentence_window,927,96
sentence_window,928,234
sentence_window,929,247
sentence_window,930,179
sentence_window,931,3
sentence_window,932,121
sentence_window,933,75
sentence_window,934,50
sentence_window,935,13
sentence_window,936,42
sentence_window,937,45
sentence_window,938,321
sentence_window,939,97
sentence_window,940,105
sentence_window,941,131
sentence_window,942,3
sentence_window,943,112
sentence_window,944,205
sentence_window,945,103
sentence_window,946,16
sentence_window,947,93
sentence_window,948,16
sentence_window,949,146
sentence_window,950,31
sentence_window,951,80
sentence_window,952,15
sentence_window,953,120
sentence_window,954,16
sentence_window,955,92
sentence_window,956,15
sentence_window,957,81
sentence_window,958,15
sentence_window,959,111
sentence_window,960,111
sentence_window,961,3
sentence_window,962,104
sentence_window,963,17
sentence_window,964,99
sentence_window,965,17
sentence_window,966,86
sentence_window,967,14
sentence_window,968,162
sentence_window,969,198
sentence_window,970,146
sentence_window,971,437
sentence_window,972,97
sentence_window,973,22
sentence_window,974,124
sentence_window,975,16
sentence_window,976,205
sentence_window,977,110
sentence_window,978,16
sentence_window,979,121
sentence_window,980,16
sentence_window,981,161
sentence_window,982,30
sentence_window,983,84
sentence_window,984,22
sentence_window,985,134
sentence_window,986,15
sentence_window,987,86
sentence_window,988,22
sentence_window,989,178
sentence_window,990,15
sentence_window,991,55
sentence_window,992,139
sentence_window,993,120
sentence_window,994,22
sentence_window,995,181
sentence_window,996,108
sentence_window,997,18
sentence_window,998,98
sentence_window,999,33
sentence_window,1000,52
sentence_window,1001,74
sentence_window,1002,3
sentence_window,1003,68
sentence_window,1004,13
sentence_window,1005,128
sentence_window,1006,99
sentence_window,1007,13
sentence_window,1008,199
sentence_window,1009,201
sentence_window,1010,16
sentence_window,1011,102
sentence_window,1012,28
sentence_window,1013,67
sentence_window,1014,13
sentence_window,1015,146
sentence_window,1016,206
sentence_window,1017,22
sentence_window,1018,203
sentence_window,1019,13
sentence_window,1020,145
sentence_window,1021,182
sentence_window,1022,251
sentence_window,1023,35
sentence_window,1024,203
sentence_window,1025,16
sentence_window,1026,126
sentence_window,1027,478
sentence_window,1028,93
sentence_window,1029,70
sentence_window,1030,22
sentence_window,1031,144
sentence_window,1032,13
sentence_window,1033,61
sentence_window,1034,20
sentence_window,1035,141
sentence_window,1036,20
sentence_window,1037,65
sentence_window,1038,16
sentence_window,1039,97
sentence_window,1040,16
sentence_window,1041,140
sentence_window,1042,24
sentence_window,1043,93
sentence_window,1044,32
sentence_window,1045,63
sentence_window,1046,43
sentence_window,1047,186
sentence_window,1048,248
sentence_window,1049,16
sentence_window,1050,98
sentence_window,1051,17
sentence_window,1052,118
sentence_window,1053,37
sentence_window,1054,147
sentence_window,1055,27
sentence_window,1056,423
sentence_window,1057,164
sentence_window,1058,16
sentence_window,1059,70
sentence_window,1060,13
sentence_window,1061,171
sentence_window,1062,179
sentence_window,1063,23
sentence_window,1064,112
sentence_window,1065,13
sentence_window,1066,46
sentence_window,1067,15
sentence_window,1068,70
sentence_window,1069,26
sentence_window,1070,60
sentence_window,1071,29
sentence_window,1072,119
sentence_window,1073,155
sentence_window,1074,82
sentence_window,1075,149
sentence_window,1076,16
sentence_window,1077,122
sentence_window,1078,18
sentence_window,1079,114
sentence_window,1080,18
sentence_window,1081,144
sentence_window,1082,379
sentence_window,1083,64
sentence_window,1084,79
sentence_window,1085,172
sentence_window,1086,88
sentence_window,1087,170
sentence_window,1088,15
sentence_window,1089,146
sentence_window,1090,16
sentence_window,1091,143
sentence_window,1092,16
sentence_window,1093,118
sentence_window,1094,55
sentence_window,1095,170
sentence_window,1096,217
sentence_window,1097,18
sentence_window,1098,60
sentence_window,1099,18
sentence_window,1100,87
sentence_window,1101,18
sentence_window,1102,164
sentence_window,1103,18
sentence_window,1104,116
sentence_window,1105,18
sentence_window,1106,49
sentence_window,1107,18
sentence_window,1108,145
sentence_window,1109,18
sentence_window,1110,169
sentence_window,1111,18
sentence_window,1112,242
sentence_window,1113,24
sentence_window,1114,126
sentence_window,1115,116
sentence_window,1116,16
sentence_window,1117,195
sentence_window,1118,16
sentence_window,1119,201
sentence_window,1120,16
sentence_window,1121,224
sentence_window,1122,16
sentence_window,1123,153
sentence_window,1124,280
sentence_window,1125,106
sentence_window,1126,51
sentence_window,1127,105
sentence_window,1128,20
sentence_window,1129,186
sentence_window,1130,181
sentence_window,1131,16
sentence_window,1132,100
sentence_window,1133,61
sentence_window,1134,135
sentence_window,1135,16
sentence_window,1136,212
sentence_window,1137,16
sentence_window,1138,120
sentence_window,1139,16
sentence_window,1140,121
sentence_window,1141,16
sentence_window,1142,73
sentence_window,1143,304
sentence_window,1144,98
sentence_window,1145,70
sentence_window,1146,88
sentence_window,1147,13
sentence_window,1148,72
sentence_window,1149,18
sentence_window,1150,168
sentence_window,1151,18
sentence_window,1152,104
sentence_window,1153,18
sentence_window,1154,86
sentence_window,1155,18
sentence_window,1156,194
sentence_window,1157,18
sentence_window,1158,43
sentence_window,1159,18
sentence_window,1160,110
sentence_window,1161,187
sentence_window,1162,82
sentence_window,1163,335
sentence_window,1164,218
sentence_window,1165,131
sentence_window,1166,34
sentence_window,1167,73
sentence_window,1168,13
sentence_window,1169,142
sentence_window,1170,13
sentence_window,1171,173
sentence_window,1172,27
sentence_window,1173,106
sentence_window,1174,16
sentence_window,1175,79
sentence_window,1176,22
sentence_window,1177,53
sentence_window,1178,51
sentence_window,1179,80
sentence_window,1180,132
sentence_window,1181,3
sentence_window,1182,119
sentence_window,1183,116
sentence_window,1184,16
sentence_window,1185,189
sentence_window,1186,28
sentence_window,1187,100
sentence_window,1188,16
sentence_window,1189,76
sentence_window,1190,204
sentence_window,1191,25
sentence_window,1192,196
sentence_window,1193,13
sentence_window,1194,172
sentence_window,1195,331
sentence_window,1196,42
sentence_window,1197,92
sentence_window,1198,96
sentence_window,1199,23
sentence_window,1200,100
sentence_window,1201,16
sentence_window,1202,68
sentence_window,1203,16
sentence_window,1204,136
sentence_window,1205,16
sentence_window,1206,296
sentence_window,1207,20
sentence_window,1208,116
sentence_window,1209,15
sentence_window,1210,146
sentence_window,1211,15
sentence_window,1212,290
sentence_window,1213,37
sentence_window,1214,125
sentence_window,1215,18
sentence_window,1216,76
sentence_window,1217,18
sentence_window,1218,123
sentence_window,1219,122
sentence_window,1220,18
sentence_window,1221,78
sentence_window,1222,18
sentence_window,1223,209
sentence_window,1224,22
sentence_window,1225,125
sentence_window,1226,42
sentence_window,1227,167
sentence_window,1228,18
sentence_window,1229,172
sentence_window,1230,222
sentence_window,1231,238
sentence_window,1232,70
sentence_window,1233,85
sentence_window,1234,141
sentence_window,1235,3
sentence_window,1236,43
sentence_window,1237,29
sentence_window,1238,91
sentence_window,1239,13
sentence_window,1240,78
sentence_window,1241,13
sentence_window,1242,167
sentence_window,1243,19
sentence_window,1244,67
sentence_window,1245,315
sentence_window,1246,528
sentence_window,1247,183
sentence_window,1248,142
sentence_window,1249,135
sentence_window,1250,80
sentence_window,1251,12
sentence_window,1252,190
sentence_window,1253,20
sentence_window,1254,89
sentence_window,1255,13
sentence_window,1256,116
sentence_window,1257,15
sentence_window,1258,129
sentence_window,1259,16
sentence_window,1260,171
sentence_window,1261,13
sentence_window,1262,120
sentence_window,1263,48
sentence_window,1264,164
sentence_window,1265,20
sentence_window,1266,113
sentence_window,1267,110
sentence_window,1268,22
sentence_window,1269,107
sentence_window,1270,19
sentence_window,1271,59
sentence_window,1272,15
sentence_window,1273,147
sentence_window,1274,42
sentence_window,1275,135
sentence_window,1276,13
sentence_window,1277,57
sentence_window,1278,28
sentence_window,1279,190
sentence_window,1280,15
sentence_window,1281,106
sentence_window,1282,167
sentence_window,1283,276
sentence_window,1284,154
sentence_window,1285,142
sentence_window,1286,41
sentence_window,1287,60
sentence_window,1288,46
sentence_window,1289,70
sentence_window,1290,131
sentence_window,1291,3
sentence_window,1292,140
sentence_window,1293,16
sentence_window,1294,162
sentence_window,1295,16
sentence_window,1296,240
sentence_window,1297,18
sentence_window,1298,46
sentence_window,1299,27
sentence_window,1300,234
sentence_window,1301,22
sentence_window,1302,121
sentence_window,1303,16
sentence_window,1304,205
sentence_window,1305,16
sentence_window,1306,70
sentence_window,1307,332
sentence_window,1308,225
sentence_window,1309,195
sentence_window,1310,3
sentence_window,1311,169
sentence_window,1312,16
sentence_window,1313,296
sentence_window,1314,168
sentence_window,1315,104
sentence_window,1316,128
sentence_window,1317,115
sentence_window,1318,322
sentence_window,1319,108
sentence_window,1320,134
sentence_window,1321,208
sentence_window,1322,115
sentence_window,1323,48
sentence_window,1324,47
sentence_window,1325,3
sentence_window,1326,112
sentence_window,1327,15
sentence_window,1328,76
sentence_window,1329,110
sentence_window,1330,18
sentence_window,1331,89
sentence_window,1332,13
sentence_window,1333,42
sentence_window,1334,83
sentence_window,1335,163
sentence_window,1336,153
sentence_window,1337,64
sentence_window,1338,159
sentence_window,1339,3
sentence_window,1340,159
sentence_window,1341,237
sentence_window,1342,117
sentence_window,1343,117
sentence_window,1344,3
sentence_window,1345,69
sentence_window,1346,31
sentence_window,1347,77
sentence_window,1348,16
sentence_window,1349,46
sentence_window,1350,16
sentence_window,1351,400
sentence_window,1352,32
sentence_window,1353,119
sentence_window,1354,270
sentence_window,1355,118
sentence_window,1356,177
sentence_window,1357,155
sentence_window,1358,90
sentence_window,1359,154
sentence_window,1360,3
sentence_window,1361,98
sentence_window,1362,13
sentence_window,1363,172
sentence_window,1364,262
sentence_window,1365,3
sentence_window,1366,140
sentence_window,1367,13
sentence_window,1368,109
sentence_window,1369,384
sentence_window,1370,133
sentence_window,1371,158
sentence_window,1372,191
sentence_window,1373,3
sentence_window,1374,208
sentence_window,1375,16
sentence_window,1376,89
sentence_window,1377,16
sentence_window,1378,88
sentence_window,1379,266
sentence_window,1380,229
sentence_window,1381,133
sentence_window,1382,306
sentence_window,1383,103
sentence_window,1384,233
sentence_window,1385,114
sentence_window,1386,754
sentence_window,1387,95
sentence_window,1388,104
sentence_window,1389,124
sentence_window,1390,114
sentence_window,1391,110
sentence_window,1392,408
sentence_window,1393,931
sentence_window,1394,159
sentence_window,1395,12
sentence_window,1396,203
sentence_window,1397,26
sentence_window,1398,53
sentence_window,1399,21
sentence_window,1400,14
sentence_window,1401,709
sentence_window,1402,110
sentence_window,1403,242
sentence_window,1404,281
sentence_window,1405,71
sentence_window,1406,15
sentence_window,1407,56
sentence_window,1408,394
sentence_window,1409,70
sentence_window,1410,299
sentence_window,1411,92
sentence_window,1412,81
sentence_window,1413,105
sentence_window,1414,113
sentence_window,1415,98
sentence_window,1416,117
sentence_window,1417,51
sentence_window,1418,106
sentence_window,1419,90
sentence_window,1420,214
sentence_window,1421,250
sentence_window,1422,624
sentence_window,1423,72
sentence_window,1424,66
sentence_window,1425,51
sentence_window,1426,115
sentence_window,1427,23
sentence_window,1428,198
sentence_window,1429,154
sentence_window,1430,19
sentence_window,1431,195
sentence_window,1432,192
sentence_window,1433,174
sentence_window,1434,132
sentence_window,1435,46
sentence_window,1436,19
sentence_window,1437,89
sentence_window,1438,19
sentence_window,1439,108
sentence_window,1440,83
sentence_window,1441,277
sentence_window,1442,159
sentence_window,1443,75
sentence_window,1444,19
sentence_window,1445,195
sentence_window,1446,101
sentence_window,1447,199
sentence_window,1448,175
sentence_window,1449,25
sentence_window,1450,163
sentence_window,1451,114
sentence_window,1452,21
sentence_window,1453,141
sentence_window,1454,58
sentence_window,1455,138
sentence_window,1456,19
sentence_window,1457,91
sentence_window,1458,121
sentence_window,1459,125
sentence_window,1460,178
sentence_window,1461,263
sentence_window,1462,20
sentence_window,1463,218
sentence_window,1464,114
sentence_window,1465,117
sentence_window,1466,119
sentence_window,1467,124
sentence_window,1468,25
sentence_window,1469,190
sentence_window,1470,188
sentence_window,1471,798
sentence_window,1472,48
sentence_window,1473,193
sentence_window,1474,161
sentence_window,1475,150
sentence_window,1476,251
sentence_window,1477,1923
sentence_window,1478,129
sentence_window,1479,118
sentence_window,1480,236
sentence_window,1481,131
sentence_window,1482,146
sentence_window,1483,369
sentence_window,1484,310
sentence_window,1485,329
sentence_window,1486,399
sentence_window,1487,201
sentence_window,1488,202
sentence_window,1489,127
sentence_window,1490,151
sentence_window,1491,201
sentence_window,1492,255
sentence_window,1493,181
sentence_window,1494,356
sentence_window,1495,185
sentence_window,1496,116
sentence_window,1497,132
sentence_window,1498,99
sentence_window,1499,210
sentence_window,1500,112
sentence_window,1501,206
sentence_window,1502,4
sentence_window,1503,151
sentence_window,1504,96
sentence_window,1505,209
sentence_window,1506,312
sentence_window,1507,259
sentence_window,1508,355
sentence_window,1509,95
sentence_window,1510,236
sentence_window,1511,337
sentence_window,1512,208
sentence_window,1513,137
sentence_window,1514,118
sentence_window,1515,371
sentence_window,1516,100
sentence_window,1517,342
sentence_window,1518,145
sentence_window,1519,206
sentence_window,1520,206
sentence_window,1521,105
sentence_window,1522,205
sentence_window,1523,197
sentence_window,1524,192
sentence_window,1525,173
sentence_window,1526,190
sentence_window,1527,110
sentence_window,1528,238
sentence_window,1529,488
sentence_window,1530,117
sentence_window,1531,19
sentence_window,1532,246
sentence_window,1533,423
sentence_window,1534,147
sentence_window,1535,84
sentence_window,1536,209
sentence_window,1537,135
sentence_window,1538,248
sentence_window,1539,191
sentence_window,1540,156
sentence_window,1541,172
sentence_window,1542,108
sentence_window,1543,297
sentence_window,1544,183
sentence_window,1545,305
sentence_window,1546,111
sentence_window,1547,130
sentence_window,1548,139
sentence_window,1549,148
sentence_window,1550,401
sentence_window,1551,80
sentence_window,1552,371
sentence_window,1553,268
sentence_window,1554,325
sentence_window,1555,333
sentence_window,1556,188
sentence_window,1557,269
sentence_window,1558,147
sentence_window,1559,214
sentence_window,1560,120
sentence_window,1561,116
sentence_window,1562,180
sentence_window,1563,287
sentence_window,1564,111
sentence_window,1565,136
sentence_window,1566,107
sentence_window,1567,359
sentence_window,1568,76
sentence_window,1569,245
sentence_window,1570,98
sentence_window,1571,122
sentence_window,1572,5
sentence_window,1573,170
sentence_window,1574,250
sentence_window,1575,135
sentence_window,1576,104
sentence_window,1577,208
sentence_window,1578,271
sentence_window,1579,103
sentence_window,1580,113
sentence_window,1581,158
sentence_window,1582,40
sentence_window,1583,16
sentence_window,1584,134
sentence_window,1585,192
sentence_window,1586,190
sentence_window,1587,206
sentence_window,1588,146
sentence_window,1589,99
sentence_window,1590,98
sentence_window,1591,92
sentence_window,1592,130
sentence_window,1593,55
sentence_window,1594,44
sentence_window,1595,182
sentence_window,1596,115
sentence_window,1597,122
sentence_window,1598,172
sentence_window,1599,119
sentence_window,1600,343
sentence_window,1601,191
sentence_window,1602,78
sentence_window,1603,119
sentence_window,1604,54
sentence_window,1605,179
sentence_window,1606,190
sentence_window,1607,156
sentence_window,1608,129
sentence_window,1609,41
sentence_window,1610,60
sentence_window,1611,36
sentence_window,1612,76
sentence_window,1613,122
sentence_window,1614,328
sentence_window,1615,158
sentence_window,1616,50
sentence_window,1617,247
sentence_window,1618,49
sentence_window,1619,98
sentence_window,1620,149
sentence_window,1621,118
sentence_window,1622,293
sentence_window,1623,159
sentence_window,1624,311
sentence_window,1625,287
sentence_window,1626,172
sentence_window,1627,89
sentence_window,1628,73
sentence_window,1629,153
sentence_window,1630,93
sentence_window,1631,191
sentence_window,1632,148
sentence_window,1633,1121
sentence_window,1634,4
sentence_window,1635,288
sentence_window,1636,221
sentence_window,1637,99
sentence_window,1638,516
sentence_window,1639,65
sentence_window,1640,186
sentence_window,1641,258
sentence_window,1642,152
sentence_window,1643,286
sentence_window,1644,73
sentence_window,1645,115
sentence_window,1646,93
sentence_window,1647,165
sentence_window,1648,68
sentence_window,1649,102
sentence_window,1650,174
sentence_window,1651,45
sentence_window,1652,106
sentence_window,1653,94
sentence_window,1654,159
sentence_window,1655,135
sentence_window,1656,95
sentence_window,1657,224
sentence_window,1658,164
sentence_window,1659,126
sentence_window,1660,68
sentence_window,1661,205
sentence_window,1662,205
sentence_window,1663,223
sentence_window,1664,280
sentence_window,1665,97
sentence_window,1666,80
sentence_window,1667,88
sentence_window,1668,215
sentence_window,1669,525
sentence_window,1670,165
sentence_window,1671,19
sentence_window,1672,19
sentence_window,1673,164
sentence_window,1674,162
sentence_window,1675,86
sentence_window,1676,172
sentence_window,1677,157
sentence_window,1678,31
sentence_window,1679,161
sentence_window,1680,146
sentence_window,1681,152
sentence_window,1682,172
sentence_window,1683,87
sentence_window,1684,27
sentence_window,1685,165
sentence_window,1686,217
sentence_window,1687,233
sentence_window,1688,177
sentence_window,1689,165
sentence_window,1690,207
sentence_window,1691,3
sentence_window,1692,275
sentence_window,1693,88
sentence_window,1694,319
sentence_window,1695,89
sentence_window,1696,19
sentence_window,1697,269
sentence_window,1698,159
sentence_window,1699,99
sentence_window,1700,191
sentence_window,1701,150
sentence_window,1702,146
sentence_window,1703,332
sentence_window,1704,92
sentence_window,1705,224
sentence_window,1706,218
sentence_window,1707,143
sentence_window,1708,119
sentence_window,1709,215
sentence_window,1710,963
sentence_window,1711,83
sentence_window,1712,112
sentence_window,1713,132
sentence_window,1714,176
sentence_window,1715,214
sentence_window,1716,230
sentence_window,1717,486
sentence_window,1718,134
sentence_window,1719,200
sentence_window,1720,203
sentence_window,1721,205
sentence_window,1722,3
sentence_window,1723,348
sentence_window,1724,135
sentence_window,1725,19
sentence_window,1726,19
sentence_window,1727,216
sentence_window,1728,206
sentence_window,1729,169
sentence_window,1730,215
sentence_window,1731,200
sentence_window,1732,218
sentence_window,1733,163
sentence_window,1734,158
sentence_window,1735,172
sentence_window,1736,173
sentence_window,1737,194
sentence_window,1738,243
sentence_window,1739,252
sentence_window,1740,272
sentence_window,1741,279
sentence_window,1742,146
sentence_window,1743,155
sentence_window,1744,142
sentence_window,1745,164
sentence_window,1746,287
sentence_window,1747,204
sentence_window,1748,143
sentence_window,1749,192
sentence_window,1750,180
sentence_window,1751,191
sentence_window,1752,183
sentence_window,1753,180
sentence_window,1754,190
sentence_window,1755,482
sentence_window,1756,280
sentence_window,1757,132
sentence_window,1758,81
sentence_window,1759,190
sentence_window,1760,201
sentence_window,1761,3
sentence_window,1762,287
sentence_window,1763,220
sentence_window,1764,84
sentence_window,1765,113
sentence_window,1766,351
sentence_window,1767,249
sentence_window,1768,170
sentence_window,1769,171
sentence_window,1770,164
sentence_window,1771,164
sentence_window,1772,351
sentence_window,1773,186
sentence_window,1774,3
sentence_window,1775,244
sentence_window,1776,201
sentence_window,1777,84
sentence_window,1778,113
sentence_window,1779,285
sentence_window,1780,82
sentence_window,1781,111
sentence_window,1782,249
sentence_window,1783,237
sentence_window,1784,372
sentence_window,1785,219
sentence_window,1786,101
sentence_window,1787,261
sentence_window,1788,180
sentence_window,1789,198
sentence_window,1790,105
sentence_window,1791,34
sentence_window,1792,285
sentence_window,1793,99
sentence_window,1794,19
sentence_window,1795,113
sentence_window,1796,60
sentence_window,1797,233
sentence_window,1798,220
sentence_window,1799,146
sentence_window,1800,90
sentence_window,1801,139
sentence_window,1802,48
sentence_window,1803,58
sentence_window,1804,68
sentence_window,1805,71
sentence_window,1806,84
sentence_window,1807,110
sentence_window,1808,108
sentence_window,1809,112
sentence_window,1810,137
sentence_window,1811,165
sentence_window,1812,127
sentence_window,1813,144
sentence_window,1814,192
sentence_window,1815,168
sentence_window,1816,135
sentence_window,1817,126
sentence_window,1818,71
sentence_window,1819,127
sentence_window,1820,163
sentence_window,1821,65
sentence_window,1822,264
sentence_window,1823,266
sentence_window,1824,101
sentence_window,1825,137
sentence_window,1826,103
sentence_window,1827,212
sentence_window,1828,174
sentence_window,1829,166
sentence_window,1830,215
sentence_window,1831,171
sentence_window,1832,166
sentence_window,1833,181
sentence_window,1834,98
sentence_window,1835,97
sentence_window,1836,214
sentence_window,1837,96
sentence_window,1838,106
sentence_window,1839,82
sentence_window,1840,92
sentence_window,1841,76
sentence_window,1842,115
sentence_window,1843,87
sentence_window,1844,171
sentence_window,1845,97
sentence_window,1846,230
sentence_window,1847,112
sentence_window,1848,93
sentence_window,1849,196
sentence_window,1850,93
sentence_window,1851,78
sentence_window,1852,92
sentence_window,1853,113
sentence_window,1854,134
sentence_window,1855,106
sentence_window,1856,107
sentence_window,1857,88
sentence_window,1858,107
sentence_window,1859,104
sentence_window,1860,147
sentence_window,1861,39
sentence_window,1862,227
sentence_window,1863,138
sentence_window,1864,176
sentence_window,1865,114
sentence_window,1866,3
sentence_window,1867,298
sentence_window,1868,183
sentence_window,1869,19
sentence_window,1870,19
sentence_window,1871,230
sentence_window,1872,181
sentence_window,1873,222
sentence_window,1874,50
sentence_window,1875,91
sentence_window,1876,100
sentence_window,1877,118
sentence_window,1878,56
sentence_window,1879,84
sentence_window,1880,138
sentence_window,1881,53
sentence_window,1882,182
sentence_window,1883,272
sentence_window,1884,152
sentence_window,1885,111
sentence_window,1886,108
sentence_window,1887,295
sentence_window,1888,223
sentence_window,1889,166
sentence_window,1890,160
sentence_window,1891,153
sentence_window,1892,244
sentence_window,1893,126
sentence_window,1894,184
sentence_window,1895,145
sentence_window,1896,202
sentence_window,1897,155
sentence_window,1898,88
sentence_window,1899,208
sentence_window,1900,127
sentence_window,1901,82
sentence_window,1902,139
sentence_window,1903,105
sentence_window,1904,89
sentence_window,1905,299
sentence_window,1906,37
sentence_window,1907,295
sentence_window,1908,122
sentence_window,1909,85
sentence_window,1910,148
sentence_window,1911,60
sentence_window,1912,89
sentence_window,1913,143
sentence_window,1914,141
sentence_window,1915,152
sentence_window,1916,174
sentence_window,1917,139
sentence_window,1918,120
sentence_window,1919,134
sentence_window,1920,183
sentence_window,1921,162
sentence_window,1922,179
sentence_window,1923,107
sentence_window,1924,129
sentence_window,1925,173
sentence_window,1926,428
sentence_window,1927,158
sentence_window,1928,180
sentence_window,1929,177
sentence_window,1930,164
sentence_window,1931,153
sentence_window,1932,76
sentence_window,1933,138
sentence_window,1934,187
sentence_window,1935,168
sentence_window,1936,128
sentence_window,1937,153
sentence_window,1938,197
sentence_window,1939,128
sentence_window,1940,131
sentence_window,1941,166
sentence_window,1942,213
sentence_window,1943,86
sentence_window,1944,403
sentence_window,1945,239
sentence_window,1946,223
sentence_window,1947,177
sentence_window,1948,128
sentence_window,1949,219
sentence_window,1950,74
sentence_window,1951,92
sentence_window,1952,137
sentence_window,1953,133
sentence_window,1954,175
sentence_window,1955,183
sentence_window,1956,177
sentence_window,1957,233
sentence_window,1958,108
sentence_window,1959,191
sentence_window,1960,135
sentence_window,1961,138
sentence_window,1962,155
sentence_window,1963,82
sentence_window,1964,180
sentence_window,1965,143
sentence_window,1966,114
sentence_window,1967,83
sentence_window,1968,3
sentence_window,1969,251
sentence_window,1970,122
sentence_window,1971,94
sentence_window,1972,117
sentence_window,1973,60
sentence_window,1974,125
sentence_window,1975,58
sentence_window,1976,76
sentence_window,1977,185
sentence_window,1978,186
sentence_window,1979,287
sentence_window,1980,190
sentence_window,1981,70
sentence_window,1982,228
sentence_window,1983,95
sentence_window,1984,136
sentence_window,1985,214
sentence_window,1986,181
sentence_window,1987,93
sentence_window,1988,115
sentence_window,1989,124
sentence_window,1990,186
sentence_window,1991,192
sentence_window,1992,141
sentence_window,1993,226
sentence_window,1994,145
sentence_window,1995,70
sentence_window,1996,162
sentence_window,1997,160
sentence_window,1998,200
sentence_window,1999,80
sentence_window,2000,262
sentence_window,2001,4
sentence_window,2002,178
sentence_window,2003,685
sentence_window,2004,120
sentence_window,2005,104
sentence_window,2006,80
sentence_window,2007,150
sentence_window,2008,329
sentence_window,2009,86
sentence_window,2010,115
sentence_window,2011,112
sentence_window,2012,60
sentence_window,2013,242
sentence_window,2014,181
sentence_window,2015,138
sentence_window,2016,196
sentence_window,2017,152
sentence_window,2018,64
sentence_window,2019,168
sentence_window,2020,98
sentence_window,2021,173
sentence_window,2022,180
sentence_window,2023,164
sentence_window,2024,186
sentence_window,2025,122
sentence_window,2026,53
sentence_window,2027,50
sentence_window,2028,124
sentence_window,2029,133
sentence_window,2030,133
sentence_window,2031,99
sentence_window,2032,94
sentence_window,2033,137
sentence_window,2034,190
sentence_window,2035,130
sentence_window,2036,239
sentence_window,2037,4
sentence_window,2038,257
sentence_window,2039,1124
sentence_window,2040,70
sentence_window,2041,120
sentence_window,2042,117
sentence_window,2043,168
sentence_window,2044,68
sentence_window,2045,44
sentence_window,2046,260
sentence_window,2047,109
sentence_window,2048,178
sentence_window,2049,121
sentence_window,2050,153
sentence_window,2051,211
sentence_window,2052,177
sentence_window,2053,177
sentence_window,2054,236
sentence_window,2055,92
sentence_window,2056,152
sentence_window,2057,364
sentence_window,2058,108
sentence_window,2059,68
sentence_window,2060,126
sentence_window,2061,140
sentence_window,2062,183
sentence_window,2063,152
sentence_window,2064,145
sentence_window,2065,92
sentence_window,2066,102
sentence_window,2067,133
sentence_window,2068,80
sentence_window,2069,117
sentence_window,2070,166
sentence_window,2071,161
sentence_window,2072,97
sentence_window,2073,137
sentence_window,2074,63
sentence_window,2075,146
sentence_window,2076,162
sentence_window,2077,137
sentence_window,2078,104
sentence_window,2079,151
sentence_window,2080,85
sentence_window,2081,155
sentence_window,2082,212
sentence_window,2083,134
sentence_window,2084,106
sentence_window,2085,108
sentence_window,2086,94
sentence_window,2087,127
sentence_window,2088,139
sentence_window,2089,68
sentence_window,2090,89
sentence_window,2091,77
sentence_window,2092,43
sentence_window,2093,93
sentence_window,2094,140
sentence_window,2095,65
sentence_window,2096,282
sentence_window,2097,120
sentence_window,2098,68
sentence_window,2099,260
sentence_window,2100,115
sentence_window,2101,40
sentence_window,2102,103
sentence_window,2103,104
sentence_window,2104,95
sentence_window,2105,91
sentence_window,2106,248
sentence_window,2107,112
sentence_window,2108,293
sentence_window,2109,221
sentence_window,2110,195
sentence_window,2111,166
sentence_window,2112,133
sentence_window,2113,99
sentence_window,2114,4
sentence_window,2115,231
sentence_window,2116,157
sentence_window,2117,100
sentence_window,2118,72
sentence_window,2119,117
sentence_window,2120,106
sentence_window,2121,224
sentence_window,2122,94
sentence_window,2123,107
sentence_window,2124,192
sentence_window,2125,645
sentence_window,2126,203
sentence_window,2127,180
sentence_window,2128,164
sentence_window,2129,295
sentence_window,2130,158
sentence_window,2131,426
sentence_window,2132,102
sentence_window,2133,77
sentence_window,2134,194
sentence_window,2135,123
sentence_window,2136,89
sentence_window,2137,103
sentence_window,2138,131
sentence_window,2139,105
sentence_window,2140,31
sentence_window,2141,256
sentence_window,2142,108
sentence_window,2143,76
sentence_window,2144,96
sentence_window,2145,127
sentence_window,2146,86
sentence_window,2147,89
sentence_window,2148,253
sentence_window,2149,200
sentence_window,2150,155
sentence_window,2151,163
sentence_window,2152,278
sentence_window,2153,4
sentence_window,2154,461
sentence_window,2155,121
sentence_window,2156,19
sentence_window,2157,19
sentence_window,2158,60
sentence_window,2159,111
sentence_window,2160,73
sentence_window,2161,87
sentence_window,2162,70
sentence_window,2163,76
sentence_window,2164,121
sentence_window,2165,152
sentence_window,2166,70
sentence_window,2167,78
sentence_window,2168,78
sentence_window,2169,80
sentence_window,2170,71
sentence_window,2171,77
sentence_window,2172,90
sentence_window,2173,92
sentence_window,2174,93
sentence_window,2175,109
sentence_window,2176,122
sentence_window,2177,126
sentence_window,2178,139
sentence_window,2179,257
sentence_window,2180,171
sentence_window,2181,121
sentence_window,2182,157
sentence_window,2183,74
sentence_window,2184,113
sentence_window,2185,170
sentence_window,2186,129
sentence_window,2187,148
sentence_window,2188,219
sentence_window,2189,119
sentence_window,2190,146
sentence_window,2191,159
sentence_window,2192,146
sentence_window,2193,98
sentence_window,2194,73
sentence_window,2195,86
sentence_window,2196,60
sentence_window,2197,43
sentence_window,2198,134
sentence_window,2199,57
sentence_window,2200,69
sentence_window,2201,299
sentence_window,2202,195
sentence_window,2203,134
sentence_window,2204,156
sentence_window,2205,177
sentence_window,2206,177
sentence_window,2207,219
sentence_window,2208,213
sentence_window,2209,164
sentence_window,2210,277
sentence_window,2211,133
sentence_window,2212,43
sentence_window,2213,109
sentence_window,2214,131
sentence_window,2215,163
sentence_window,2216,119
sentence_window,2217,207
sentence_window,2218,156
sentence_window,2219,195
sentence_window,2220,108
sentence_window,2221,159
sentence_window,2222,167
sentence_window,2223,268
sentence_window,2224,128
sentence_window,2225,116
sentence_window,2226,120
sentence_window,2227,271
sentence_window,2228,159
sentence_window,2229,145
sentence_window,2230,119
sentence_window,2231,33
sentence_window,2232,97
sentence_window,2233,81
sentence_window,2234,160
sentence_window,2235,180
sentence_window,2236,139
sentence_window,2237,87
sentence_window,2238,193
sentence_window,2239,262
sentence_window,2240,4
sentence_window,2241,414
sentence_window,2242,462
sentence_window,2243,79
sentence_window,2244,129
sentence_window,2245,138
sentence_window,2246,61
sentence_window,2247,152
sentence_window,2248,145
sentence_window,2249,146
sentence_window,2250,257
sentence_window,2251,108
sentence_window,2252,84
sentence_window,2253,100
sentence_window,2254,100
sentence_window,2255,104
sentence_window,2256,94
sentence_window,2257,119
sentence_window,2258,211
sentence_window,2259,76
sentence_window,2260,166
sentence_window,2261,311
sentence_window,2262,303
sentence_window,2263,147
sentence_window,2264,245
sentence_window,2265,93
sentence_window,2266,92
sentence_window,2267,86
sentence_window,2268,155
sentence_window,2269,237
sentence_window,2270,126
sentence_window,2271,108
sentence_window,2272,126
sentence_window,2273,125
sentence_window,2274,108
sentence_window,2275,339
sentence_window,2276,176
sentence_window,2277,147
sentence_window,2278,140
sentence_window,2279,82
sentence_window,2280,130
sentence_window,2281,101
sentence_window,2282,79
sentence_window,2283,83
sentence_window,2284,167
sentence_window,2285,101
sentence_window,2286,209
sentence_window,2287,153
sentence_window,2288,116
sentence_window,2289,174
sentence_window,2290,152
sentence_window,2291,276
sentence_window,2292,161
sentence_window,2293,167
sentence_window,2294,380
sentence_window,2295,285
sentence_window,2296,153
sentence_window,2297,132
sentence_window,2298,111
sentence_window,2299,366
sentence_window,2300,203
sentence_window,2301,254
sentence_window,2302,103
sentence_window,2303,117
sentence_window,2304,143
sentence_window,2305,105
sentence_window,2306,431
sentence_window,2307,165
sentence_window,2308,126
sentence_window,2309,79
sentence_window,2310,152
sentence_window,2311,186
sentence_window,2312,127
sentence_window,2313,76
sentence_window,2314,163
sentence_window,2315,134
sentence_window,2316,136
sentence_window,2317,192
sentence_window,2318,148
sentence_window,2319,101
sentence_window,2320,207
sentence_window,2321,178
sentence_window,2322,163
sentence_window,2323,184
sentence_window,2324,122
sentence_window,2325,127
sentence_window,2326,130
sentence_window,2327,210
sentence_window,2328,206
sentence_window,2329,103
sentence_window,2330,138
sentence_window,2331,124
sentence_window,2332,354
sentence_window,2333,250
sentence_window,2334,141
sentence_window,2335,62
sentence_window,2336,31
sentence_window,2337,242
sentence_window,2338,98
sentence_window,2339,19
sentence_window,2340,20
sentence_window,2341,154
sentence_window,2342,127
sentence_window,2343,112
sentence_window,2344,104
sentence_window,2345,43
sentence_window,2346,256
sentence_window,2347,125
sentence_window,2348,218
sentence_window,2349,134
sentence_window,2350,83
sentence_window,2351,88
sentence_window,2352,70
sentence_window,2353,175
sentence_window,2354,263
sentence_window,2355,63
sentence_window,2356,232
sentence_window,2357,270
sentence_window,2358,271
sentence_window,2359,174
sentence_window,2360,212
sentence_window,2361,137
sentence_window,2362,260
sentence_window,2363,190
sentence_window,2364,272
sentence_window,2365,63
sentence_window,2366,130
sentence_window,2367,157
sentence_window,2368,97
sentence_window,2369,142
sentence_window,2370,271
sentence_window,2371,158
sentence_window,2372,77
sentence_window,2373,152
sentence_window,2374,274
sentence_window,2375,86
sentence_window,2376,224
sentence_window,2377,257
sentence_window,2378,127
sentence_window,2379,240
sentence_window,2380,178
sentence_window,2381,244
sentence_window,2382,121
sentence_window,2383,282
sentence_window,2384,157
sentence_window,2385,122
sentence_window,2386,110
sentence_window,2387,256
sentence_window,2388,199
sentence_window,2389,205
sentence_window,2390,69
sentence_window,2391,160
sentence_window,2392,93
sentence_window,2393,194
sentence_window,2394,144
sentence_window,2395,133
sentence_window,2396,72
sentence_window,2397,47
sentence_window,2398,58
sentence_window,2399,91
sentence_window,2400,105
sentence_window,2401,162
sentence_window,2402,102
sentence_window,2403,56
sentence_window,2404,86
sentence_window,2405,70
sentence_window,2406,76
sentence_window,2407,4
sentence_window,2408,289
sentence_window,2409,156
sentence_window,2410,84
sentence_window,2411,113
sentence_window,2412,60
sentence_window,2413,98
sentence_window,2414,76
sentence_window,2415,82
sentence_window,2416,131
sentence_window,2417,114
sentence_window,2418,241
sentence_window,2419,165
sentence_window,2420,180
sentence_window,2421,91
sentence_window,2422,193
sentence_window,2423,315
sentence_window,2424,258
sentence_window,2425,270
sentence_window,2426,190
sentence_window,2427,164
sentence_window,2428,367
sentence_window,2429,121
sentence_window,2430,87
sentence_window,2431,221
sentence_window,2432,318
sentence_window,2433,144
sentence_window,2434,191
sentence_window,2435,157
sentence_window,2436,120
sentence_window,2437,117
sentence_window,2438,205
sentence_window,2439,232
sentence_window,2440,160
sentence_window,2441,272
sentence_window,2442,141
sentence_window,2443,144
sentence_window,2444,176
sentence_window,2445,66
sentence_window,2446,126
sentence_window,2447,4
sentence_window,2448,281
sentence_window,2449,92
sentence_window,2450,89
sentence_window,2451,90
sentence_window,2452,287
sentence_window,2453,74
sentence_window,2454,233
sentence_window,2455,122
sentence_window,2456,135
sentence_window,2457,190
sentence_window,2458,251
sentence_window,2459,137
sentence_window,2460,263
sentence_window,2461,74
sentence_window,2462,447
sentence_window,2463,154
sentence_window,2464,174
sentence_window,2465,374
sentence_window,2466,308
sentence_window,2467,336
sentence_window,2468,170
sentence_window,2469,145
sentence_window,2470,136
sentence_window,2471,60
sentence_window,2472,302
sentence_window,2473,98
sentence_window,2474,80
sentence_window,2475,267
sentence_window,2476,184
sentence_window,2477,171
sentence_window,2478,37
sentence_window,2479,310
sentence_window,2480,130
sentence_window,2481,122
sentence_window,2482,19
sentence_window,2483,245
sentence_window,2484,85
sentence_window,2485,220
sentence_window,2486,179
sentence_window,2487,115
sentence_window,2488,214
sentence_window,2489,64
sentence_window,2490,114
sentence_window,2491,137
sentence_window,2492,108
sentence_window,2493,197
sentence_window,2494,188
sentence_window,2495,164
sentence_window,2496,128
sentence_window,2497,360
sentence_window,2498,243
sentence_window,2499,73
sentence_window,2500,189
sentence_window,2501,244
sentence_window,2502,206
sentence_window,2503,164
sentence_window,2504,182
sentence_window,2505,277
sentence_window,2506,193
sentence_window,2507,65
sentence_window,2508,93
sentence_window,2509,133
sentence_window,2510,94
sentence_window,2511,111
sentence_window,2512,150
sentence_window,2513,153
sentence_window,2514,150
sentence_window,2515,186
sentence_window,2516,239
sentence_window,2517,105
sentence_window,2518,143
sentence_window,2519,200
sentence_window,2520,93
sentence_window,2521,146
sentence_window,2522,108
sentence_window,2523,418
sentence_window,2524,170
sentence_window,2525,193
sentence_window,2526,237
sentence_window,2527,92
sentence_window,2528,87
sentence_window,2529,197
sentence_window,2530,46
sentence_window,2531,54
sentence_window,2532,153
sentence_window,2533,94
sentence_window,2534,82
sentence_window,2535,228
sentence_window,2536,4
sentence_window,2537,263
sentence_window,2538,291
sentence_window,2539,205
sentence_window,2540,98
sentence_window,2541,90
sentence_window,2542,3
sentence_window,2543,171
sentence_window,2544,135
sentence_window,2545,97
sentence_window,2546,19
sentence_window,2547,461
sentence_window,2548,192
sentence_window,2549,260
sentence_window,2550,98
sentence_window,2551,344
sentence_window,2552,144
sentence_window,2553,292
sentence_window,2554,94
sentence_window,2555,98
sentence_window,2556,4
sentence_window,2557,344
sentence_window,2558,164
sentence_window,2559,78
sentence_window,2560,19
sentence_window,2561,334
sentence_window,2562,336
sentence_window,2563,190
sentence_window,2564,181
sentence_window,2565,124
sentence_window,2566,210
sentence_window,2567,92
sentence_window,2568,97
sentence_window,2569,365
sentence_window,2570,166
sentence_window,2571,257
sentence_window,2572,62
sentence_window,2573,88
sentence_window,2574,143
sentence_window,2575,175
sentence_window,2576,107
sentence_window,2577,108
sentence_window,2578,248
sentence_window,2579,183
sentence_window,2580,375
sentence_window,2581,4
sentence_window,2582,276
sentence_window,2583,322
sentence_window,2584,19
sentence_window,2585,19
sentence_window,2586,60
sentence_window,2587,174
sentence_window,2588,148
sentence_window,2589,142
sentence_window,2590,418
sentence_window,2591,266
sentence_window,2592,41
sentence_window,2593,246
sentence_window,2594,233
sentence_window,2595,75
sentence_window,2596,134
sentence_window,2597,41
sentence_window,2598,87
sentence_window,2599,41
sentence_window,2600,104
sentence_window,2601,41
sentence_window,2602,194
sentence_window,2603,80
sentence_window,2604,78
sentence_window,2605,41
sentence_window,2606,72
sentence_window,2607,87
sentence_window,2608,109
sentence_window,2609,41
sentence_window,2610,142
sentence_window,2611,103
sentence_window,2612,109
sentence_window,2613,261
sentence_window,2614,183
sentence_window,2615,180
sentence_window,2616,170
sentence_window,2617,136
sentence_window,2618,95
sentence_window,2619,114
sentence_window,2620,301
sentence_window,2621,339
sentence_window,2622,214
sentence_window,2623,170
sentence_window,2624,318
sentence_window,2625,189
sentence_window,2626,146
sentence_window,2627,166
sentence_window,2628,153
sentence_window,2629,239
sentence_window,2630,188
sentence_window,2631,196
sentence_window,2632,132
sentence_window,2633,196
sentence_window,2634,191
sentence_window,2635,135
sentence_window,2636,161
sentence_window,2637,517
sentence_window,2638,140
sentence_window,2639,181
sentence_window,2640,155
sentence_window,2641,145
sentence_window,2642,88
sentence_window,2643,84
sentence_window,2644,208
sentence_window,2645,131
sentence_window,2646,211
sentence_window,2647,118
sentence_window,2648,99
sentence_window,2649,127
sentence_window,2650,153
sentence_window,2651,92
sentence_window,2652,71
sentence_window,2653,179
sentence_window,2654,4
sentence_window,2655,225
sentence_window,2656,126
sentence_window,2657,19
sentence_window,2658,19
sentence_window,2659,143
sentence_window,2660,92
sentence_window,2661,80
sentence_window,2662,68
sentence_window,2663,203
sentence_window,2664,91
sentence_window,2665,144
sentence_window,2666,335
sentence_window,2667,150
sentence_window,2668,166
sentence_window,2669,213
sentence_window,2670,307
sentence_window,2671,201
sentence_window,2672,167
sentence_window,2673,35
sentence_window,2674,81
sentence_window,2675,246
sentence_window,2676,259
sentence_window,2677,192
sentence_window,2678,140
sentence_window,2679,111
sentence_window,2680,86
sentence_window,2681,4
sentence_window,2682,251
sentence_window,2683,117
sentence_window,2684,19
sentence_window,2685,19
sentence_window,2686,60
sentence_window,2687,296
sentence_window,2688,454
sentence_window,2689,263
sentence_window,2690,154
sentence_window,2691,74
sentence_window,2692,75
sentence_window,2693,107
sentence_window,2694,112
sentence_window,2695,54
sentence_window,2696,41
sentence_window,2697,54
sentence_window,2698,199
sentence_window,2699,94
sentence_window,2700,234
sentence_window,2701,167
sentence_window,2702,219
sentence_window,2703,184
sentence_window,2704,248
sentence_window,2705,101
sentence_window,2706,203
sentence_window,2707,197
sentence_window,2708,199
sentence_window,2709,200
sentence_window,2710,198
sentence_window,2711,188
sentence_window,2712,190
sentence_window,2713,240
sentence_window,2714,159
sentence_window,2715,123
sentence_window,2716,162
sentence_window,2717,177
sentence_window,2718,174
sentence_window,2719,127
sentence_window,2720,151
sentence_window,2721,166
sentence_window,2722,112
sentence_window,2723,699
sentence_window,2724,200
sentence_window,2725,38
sentence_window,2726,297
sentence_window,2727,103
sentence_window,2728,81
sentence_window,2729,143
sentence_window,2730,346
sentence_window,2731,179
sentence_window,2732,83
sentence_window,2733,80
sentence_window,2734,311
sentence_window,2735,218
sentence_window,2736,138
sentence_window,2737,138
sentence_window,2738,212
sentence_window,2739,4
sentence_window,2740,249
sentence_window,2741,121
sentence_window,2742,215
sentence_window,2743,85
sentence_window,2744,131
sentence_window,2745,242
sentence_window,2746,241
sentence_window,2747,102
sentence_window,2748,162
sentence_window,2749,222
sentence_window,2750,154
sentence_window,2751,38
sentence_window,2752,126
sentence_window,2753,105
sentence_window,2754,65
sentence_window,2755,108
sentence_window,2756,71
sentence_window,2757,105
sentence_window,2758,114
sentence_window,2759,89
sentence_window,2760,63
sentence_window,2761,74
sentence_window,2762,151
sentence_window,2763,134
sentence_window,2764,37
sentence_window,2765,269
sentence_window,2766,60
sentence_window,2767,76
sentence_window,2768,226
sentence_window,2769,74
sentence_window,2770,158
sentence_window,2771,105
sentence_window,2772,219
sentence_window,2773,225
sentence_window,2774,138
sentence_window,2775,186
sentence_window,2776,159
sentence_window,2777,124
sentence_window,2778,115
sentence_window,2779,105
sentence_window,2780,247
sentence_window,2781,4
sentence_window,2782,346
sentence_window,2783,148
sentence_window,2784,126
sentence_window,2785,83
sentence_window,2786,92
sentence_window,2787,127
sentence_window,2788,130
sentence_window,2789,97
sentence_window,2790,77
sentence_window,2791,145
sentence_window,2792,109
sentence_window,2793,125
sentence_window,2794,216
sentence_window,2795,163
sentence_window,2796,132
sentence_window,2797,95
sentence_window,2798,153
sentence_window,2799,150
sentence_window,2800,155
sentence_window,2801,199
sentence_window,2802,128
sentence_window,2803,288
sentence_window,2804,135
sentence_window,2805,478
sentence_window,2806,75
sentence_window,2807,493
sentence_window,2808,52
sentence_window,2809,57
sentence_window,2810,158
sentence_window,2811,96
sentence_window,2812,158
sentence_window,2813,93
sentence_window,2814,106
sentence_window,2815,325
sentence_window,2816,140
sentence_window,2817,163
sentence_window,2818,138
sentence_window,2819,111
sentence_window,2820,111
sentence_window,2821,125
sentence_window,2822,112
sentence_window,2823,164
sentence_window,2824,64
sentence_window,2825,260
sentence_window,2826,109
sentence_window,2827,164
sentence_window,2828,134
sentence_window,2829,97
sentence_window,2830,103
sentence_window,2831,162
sentence_window,2832,152
sentence_window,2833,144
sentence_window,2834,326
sentence_window,2835,145
sentence_window,2836,93
sentence_window,2837,190
sentence_window,2838,126
sentence_window,2839,153
sentence_window,2840,109
sentence_window,2841,77
sentence_window,2842,160
sentence_window,2843,4
sentence_window,2844,293
sentence_window,2845,108
sentence_window,2846,94
sentence_window,2847,117
sentence_window,2848,162
sentence_window,2849,149
sentence_window,2850,166
sentence_window,2851,143
sentence_window,2852,68
sentence_window,2853,83
sentence_window,2854,157
sentence_window,2855,4
sentence_window,2856,257
sentence_window,2857,144
sentence_window,2858,310
sentence_window,2859,173
sentence_window,2860,132
sentence_window,2861,190
sentence_window,2862,164
sentence_window,2863,78
sentence_window,2864,145
sentence_window,2865,162
sentence_window,2866,128
sentence_window,2867,95
sentence_window,2868,158
sentence_window,2869,167
sentence_window,2870,144
sentence_window,2871,129
sentence_window,2872,141
sentence_window,2873,190
sentence_window,2874,87
sentence_window,2875,241
sentence_window,2876,145
sentence_window,2877,33
sentence_window,2878,283
sentence_window,2879,104
sentence_window,2880,406
sentence_window,2881,88
sentence_window,2882,98
sentence_window,2883,197
sentence_window,2884,209
sentence_window,2885,185
sentence_window,2886,254
sentence_window,2887,234
sentence_window,2888,202
sentence_window,2889,177
sentence_window,2890,181
sentence_window,2891,114
sentence_window,2892,193
sentence_window,2893,224
sentence_window,2894,201
sentence_window,2895,125
sentence_window,2896,106
sentence_window,2897,108
sentence_window,2898,81
sentence_window,2899,175
sentence_window,2900,60
sentence_window,2901,158
sentence_window,2902,59
sentence_window,2903,144
sentence_window,2904,175
sentence_window,2905,219
sentence_window,2906,113
sentence_window,2907,78
sentence_window,2908,154
sentence_window,2909,179
sentence_window,2910,304
sentence_window,2911,60
sentence_window,2912,4
sentence_window,2913,358
sentence_window,2914,194
sentence_window,2915,130
sentence_window,2916,149
sentence_window,2917,132
sentence_window,2918,184
sentence_window,2919,108
sentence_window,2920,145
sentence_window,2921,169
sentence_window,2922,149
sentence_window,2923,189
sentence_window,2924,116
sentence_window,2925,109
sentence_window,2926,129
sentence_window,2927,193
sentence_window,2928,106
sentence_window,2929,193
sentence_window,2930,393
sentence_window,2931,182
sentence_window,2932,163
sentence_window,2933,138
sentence_window,2934,111
sentence_window,2935,111
sentence_window,2936,4
sentence_window,2937,445
sentence_window,2938,722
sentence_window,2939,136
sentence_window,2940,98
sentence_window,2941,84
sentence_window,2942,121
sentence_window,2943,61
sentence_window,2944,42
sentence_window,2945,32
sentence_window,2946,77
sentence_window,2947,87
sentence_window,2948,90
sentence_window,2949,105
sentence_window,2950,147
sentence_window,2951,225
sentence_window,2952,397
sentence_window,2953,128
sentence_window,2954,101
sentence_window,2955,120
sentence_window,2956,126
sentence_window,2957,256
sentence_window,2958,117
sentence_window,2959,139
sentence_window,2960,151
sentence_window,2961,164
sentence_window,2962,94
sentence_window,2963,303
sentence_window,2964,213
sentence_window,2965,141
sentence_window,2966,194
sentence_window,2967,205
sentence_window,2968,16
sentence_window,2969,501
sentence_window,2970,102
sentence_window,2971,121
sentence_window,2972,178
sentence_window,2973,74
sentence_window,2974,90
sentence_window,2975,118
sentence_window,2976,123
sentence_window,2977,86
sentence_window,2978,211
sentence_window,2979,97
sentence_window,2980,134
sentence_window,2981,252
sentence_window,2982,91
sentence_window,2983,151
sentence_window,2984,29
sentence_window,2985,291
sentence_window,2986,121
sentence_window,2987,87
sentence_window,2988,82
sentence_window,2989,86
sentence_window,2990,94
sentence_window,2991,129
sentence_window,2992,136
sentence_window,2993,220
sentence_window,2994,273
sentence_window,2995,309
sentence_window,2996,211
sentence_window,2997,112
sentence_window,2998,46
sentence_window,2999,115
sentence_window,3000,4
sentence_window,3001,313
sentence_window,3002,161
sentence_window,3003,189
sentence_window,3004,142
sentence_window,3005,160
sentence_window,3006,185
sentence_window,3007,289
sentence_window,3008,156
sentence_window,3009,200
sentence_window,3010,135
sentence_window,3011,71
sentence_window,3012,124
sentence_window,3013,87
sentence_window,3014,228
sentence_window,3015,143
sentence_window,3016,339
sentence_window,3017,147
sentence_window,3018,194
sentence_window,3019,209
sentence_window,3020,228
sentence_window,3021,152
sentence_window,3022,178
sentence_window,3023,190
sentence_window,3024,150
sentence_window,3025,51
sentence_window,3026,77
sentence_window,3027,14
sentence_window,3028,215
sentence_window,3029,196
sentence_window,3030,123
sentence_window,3031,68
sentence_window,3032,112
sentence_window,3033,99
sentence_window,3034,138
sentence_window,3035,139
sentence_window,3036,60
sentence_window,3037,123
sentence_window,3038,68
sentence_window,3039,111
sentence_window,3040,99
sentence_window,3041,317
sentence_window,3042,255
sentence_window,3043,78
sentence_window,3044,91
sentence_window,3045,4
sentence_window,3046,483
sentence_window,3047,135
sentence_window,3048,177
sentence_window,3049,246
sentence_window,3050,105
sentence_window,3051,84
sentence_window,3052,71
sentence_window,3053,55
sentence_window,3054,39
sentence_window,3055,81
sentence_window,3056,97
sentence_window,3057,262
sentence_window,3058,149
sentence_window,3059,128
sentence_window,3060,330
sentence_window,3061,71
sentence_window,3062,200
sentence_window,3063,109
sentence_window,3064,143
sentence_window,3065,181
sentence_window,3066,174
sentence_window,3067,225
sentence_window,3068,167
sentence_window,3069,60
sentence_window,3070,115
sentence_window,3071,143
sentence_window,3072,89
sentence_window,3073,84
sentence_window,3074,119
sentence_window,3075,98
sentence_window,3076,95
sentence_window,3077,63
sentence_window,3078,94
sentence_window,3079,66
sentence_window,3080,65
sentence_window,3081,74
sentence_window,3082,85
sentence_window,3083,82
sentence_window,3084,90
sentence_window,3085,149
sentence_window,3086,167
sentence_window,3087,225
sentence_window,3088,206
sentence_window,3089,129
sentence_window,3090,81
sentence_window,3091,301
sentence_window,3092,124
sentence_window,3093,87
sentence_window,3094,81
sentence_window,3095,271
sentence_window,3096,106
sentence_window,3097,105
sentence_window,3098,127
sentence_window,3099,254
sentence_window,3100,124
sentence_window,3101,239
sentence_window,3102,185
sentence_window,3103,160
sentence_window,3104,126
sentence_window,3105,77
sentence_window,3106,127
sentence_window,3107,186
sentence_window,3108,134
sentence_window,3109,154
sentence_window,3110,152
sentence_window,3111,181
sentence_window,3112,136
sentence_window,3113,156
sentence_window,3114,170
sentence_window,3115,220
sentence_window,3116,186
sentence_window,3117,121
sentence_window,3118,114
sentence_window,3119,64
sentence_window,3120,66
sentence_window,3121,192
sentence_window,3122,190
sentence_window,3123,152
sentence_window,3124,186
sentence_window,3125,106
sentence_window,3126,150
sentence_window,3127,86
sentence_window,3128,162
sentence_window,3129,159
sentence_window,3130,143
sentence_window,3131,187
sentence_window,3132,153
sentence_window,3133,49
sentence_window,3134,176
sentence_window,3135,51
sentence_window,3136,169
sentence_window,3137,141
sentence_window,3138,94
sentence_window,3139,85
sentence_window,3140,129
sentence_window,3141,175
sentence_window,3142,100
sentence_window,3143,105
sentence_window,3144,137
sentence_window,3145,141
sentence_window,3146,80
sentence_window,3147,143
sentence_window,3148,37
sentence_window,3149,78
sentence_window,3150,79
sentence_window,3151,97
sentence_window,3152,114
sentence_window,3153,150
sentence_window,3154,231
sentence_window,3155,210
sentence_window,3156,4
sentence_window,3157,378
sentence_window,3158,147
sentence_window,3159,278
sentence_window,3160,53
sentence_window,3161,116
sentence_window,3162,76
sentence_window,3163,134
sentence_window,3164,95
sentence_window,3165,122
sentence_window,3166,47
sentence_window,3167,213
sentence_window,3168,474
sentence_window,3169,270
sentence_window,3170,151
sentence_window,3171,114
sentence_window,3172,49
sentence_window,3173,129
sentence_window,3174,118
sentence_window,3175,69
sentence_window,3176,82
sentence_window,3177,87
sentence_window,3178,113
sentence_window,3179,126
sentence_window,3180,140
sentence_window,3181,210
sentence_window,3182,247
sentence_window,3183,197
sentence_window,3184,61
sentence_window,3185,81
sentence_window,3186,133
sentence_window,3187,151
sentence_window,3188,67
sentence_window,3189,77
sentence_window,3190,163
sentence_window,3191,126
sentence_window,3192,141
sentence_window,3193,164
sentence_window,3194,134
sentence_window,3195,122
sentence_window,3196,166
sentence_window,3197,177
sentence_window,3198,126
sentence_window,3199,128
sentence_window,3200,169
sentence_window,3201,150
sentence_window,3202,167
sentence_window,3203,82
sentence_window,3204,157
sentence_window,3205,152
sentence_window,3206,151
sentence_window,3207,82
sentence_window,3208,111
sentence_window,3209,207
sentence_window,3210,295
sentence_window,3211,236
sentence_window,3212,220
sentence_window,3213,88
sentence_window,3214,94
sentence_window,3215,159
sentence_window,3216,270
sentence_window,3217,207
sentence_window,3218,230
sentence_window,3219,164
sentence_window,3220,109
sentence_window,3221,90
sentence_window,3222,91
sentence_window,3223,71
sentence_window,3224,124
sentence_window,3225,177
sentence_window,3226,110
sentence_window,3227,178
sentence_window,3228,202
sentence_window,3229,247
sentence_window,3230,107
sentence_window,3231,77
sentence_window,3232,134
sentence_window,3233,4
sentence_window,3234,328
sentence_window,3235,103
sentence_window,3236,240
sentence_window,3237,90
sentence_window,3238,91
sentence_window,3239,78
sentence_window,3240,100
sentence_window,3241,115
sentence_window,3242,149
sentence_window,3243,182
sentence_window,3244,190
sentence_window,3245,106
sentence_window,3246,67
sentence_window,3247,76
sentence_window,3248,126
sentence_window,3249,104
sentence_window,3250,45
sentence_window,3251,163
sentence_window,3252,50
sentence_window,3253,57
sentence_window,3254,84
sentence_window,3255,199
sentence_window,3256,257
sentence_window,3257,249
sentence_window,3258,192
sentence_window,3259,130
sentence_window,3260,148
sentence_window,3261,88
sentence_window,3262,93
sentence_window,3263,214
sentence_window,3264,339
sentence_window,3265,167
sentence_window,3266,148
sentence_window,3267,155
sentence_window,3268,56
sentence_window,3269,132
sentence_window,3270,89
sentence_window,3271,164
sentence_window,3272,134
sentence_window,3273,95
sentence_window,3274,144
sentence_window,3275,303
sentence_window,3276,368
sentence_window,3277,289
sentence_window,3278,242
sentence_window,3279,109
sentence_window,3280,217
sentence_window,3281,114
sentence_window,3282,264
sentence_window,3283,263
sentence_window,3284,132
sentence_window,3285,143
sentence_window,3286,129
sentence_window,3287,343
sentence_window,3288,109
sentence_window,3289,83
sentence_window,3290,246
sentence_window,3291,4
sentence_window,3292,246
sentence_window,3293,96
sentence_window,3294,239
sentence_window,3295,107
sentence_window,3296,219
sentence_window,3297,116
sentence_window,3298,197
sentence_window,3299,99
sentence_window,3300,211
sentence_window,3301,230
sentence_window,3302,112
sentence_window,3303,197
sentence_window,3304,203
sentence_window,3305,393
sentence_window,3306,95
sentence_window,3307,105
sentence_window,3308,131
sentence_window,3309,116
sentence_window,3310,130
sentence_window,3311,73
sentence_window,3312,246
sentence_window,3313,226
sentence_window,3314,91
sentence_window,3315,143
sentence_window,3316,116
sentence_window,3317,251
sentence_window,3318,104
sentence_window,3319,152
sentence_window,3320,103
sentence_window,3321,111
sentence_window,3322,261
sentence_window,3323,299
sentence_window,3324,324
sentence_window,3325,128
sentence_window,3326,134
sentence_window,3327,69
sentence_window,3328,175
sentence_window,3329,188
sentence_window,3330,88
sentence_window,3331,213
sentence_window,3332,161
sentence_window,3333,185
sentence_window,3334,112
sentence_window,3335,4
sentence_window,3336,290
sentence_window,3337,137
sentence_window,3338,219
sentence_window,3339,66
sentence_window,3340,86
sentence_window,3341,109
sentence_window,3342,153
sentence_window,3343,265
sentence_window,3344,26
sentence_window,3345,88
sentence_window,3346,122
sentence_window,3347,95
sentence_window,3348,211
sentence_window,3349,127
sentence_window,3350,116
sentence_window,3351,143
sentence_window,3352,87
sentence_window,3353,137
sentence_window,3354,135
sentence_window,3355,366
sentence_window,3356,165
sentence_window,3357,129
sentence_window,3358,101
sentence_window,3359,212
sentence_window,3360,135
sentence_window,3361,172
sentence_window,3362,67
sentence_window,3363,102
sentence_window,3364,204
sentence_window,3365,147
sentence_window,3366,201
sentence_window,3367,152
sentence_window,3368,255
sentence_window,3369,109
sentence_window,3370,133
sentence_window,3371,119
sentence_window,3372,162
sentence_window,3373,195
sentence_window,3374,276
sentence_window,3375,24
sentence_window,3376,389
sentence_window,3377,208
sentence_window,3378,140
sentence_window,3379,202
sentence_window,3380,49
sentence_window,3381,87
sentence_window,3382,81
sentence_window,3383,71
sentence_window,3384,237
sentence_window,3385,203
sentence_window,3386,93
sentence_window,3387,110
sentence_window,3388,9
sentence_window,3389,137
sentence_window,3390,206
sentence_window,3391,182
sentence_window,3392,131
sentence_window,3393,91
sentence_window,3394,115
sentence_window,3395,42
sentence_window,3396,205
sentence_window,3397,90
sentence_window,3398,93
sentence_window,3399,121
sentence_window,3400,133
sentence_window,3401,212
sentence_window,3402,143
sentence_window,3403,124
sentence_window,3404,75
sentence_window,3405,133
sentence_window,3406,101
sentence_window,3407,146
sentence_window,3408,180
sentence_window,3409,180
sentence_window,3410,197
sentence_window,3411,157
sentence_window,3412,129
sentence_window,3413,260
sentence_window,3414,114
sentence_window,3415,65
sentence_window,3416,120
sentence_window,3417,89
sentence_window,3418,148
sentence_window,3419,177
sentence_window,3420,139
sentence_window,3421,116
sentence_window,3422,147
sentence_window,3423,168
sentence_window,3424,192
sentence_window,3425,140
sentence_window,3426,111
sentence_window,3427,86
sentence_window,3428,307
sentence_window,3429,203
sentence_window,3430,106
sentence_window,3431,135
sentence_window,3432,4
sentence_window,3433,367
sentence_window,3434,184
sentence_window,3435,148
sentence_window,3436,151
sentence_window,3437,281
sentence_window,3438,153
sentence_window,3439,315
sentence_window,3440,198
sentence_window,3441,139
sentence_window,3442,76
sentence_window,3443,164
sentence_window,3444,149
sentence_window,3445,60
sentence_window,3446,229
sentence_window,3447,142
sentence_window,3448,93
sentence_window,3449,223
sentence_window,3450,197
sentence_window,3451,278
sentence_window,3452,117
sentence_window,3453,147
sentence_window,3454,335
sentence_window,3455,166
sentence_window,3456,182
sentence_window,3457,110
sentence_window,3458,183
sentence_window,3459,4
sentence_window,3460,273
sentence_window,3461,152
sentence_window,3462,177
sentence_window,3463,147
sentence_window,3464,85
sentence_window,3465,151
sentence_window,3466,60
sentence_window,3467,233
sentence_window,3468,147
sentence_window,3469,118
sentence_window,3470,105
sentence_window,3471,117
sentence_window,3472,214
sentence_window,3473,309
sentence_window,3474,152
sentence_window,3475,128
sentence_window,3476,196
sentence_window,3477,266
sentence_window,3478,364
sentence_window,3479,125
sentence_window,3480,154
sentence_window,3481,104
sentence_window,3482,169
sentence_window,3483,69
sentence_window,3484,155
sentence_window,3485,290
sentence_window,3486,68
sentence_window,3487,141
sentence_window,3488,247
sentence_window,3489,184
sentence_window,3490,93
sentence_window,3491,128
sentence_window,3492,51
sentence_window,3493,4
sentence_window,3494,402
sentence_window,3495,181
sentence_window,3496,164
sentence_window,3497,203
sentence_window,3498,75
sentence_window,3499,83
sentence_window,3500,85
sentence_window,3501,42
sentence_window,3502,133
sentence_window,3503,187
sentence_window,3504,169
sentence_window,3505,51
sentence_window,3506,249
sentence_window,3507,203
sentence_window,3508,209
sentence_window,3509,209
sentence_window,3510,234
sentence_window,3511,68
sentence_window,3512,152
sentence_window,3513,131
sentence_window,3514,126
sentence_window,3515,154
sentence_window,3516,50
sentence_window,3517,55
sentence_window,3518,210
sentence_window,3519,84
sentence_window,3520,60
sentence_window,3521,142
sentence_window,3522,215
sentence_window,3523,290
sentence_window,3524,122
sentence_window,3525,154
sentence_window,3526,143
sentence_window,3527,259
sentence_window,3528,152
sentence_window,3529,315
sentence_window,3530,144
sentence_window,3531,253
sentence_window,3532,169
sentence_window,3533,85
sentence_window,3534,111
sentence_window,3535,131
sentence_window,3536,172
sentence_window,3537,159
sentence_window,3538,243
sentence_window,3539,178
sentence_window,3540,104
sentence_window,3541,276
sentence_window,3542,225
sentence_window,3543,126
sentence_window,3544,285
sentence_window,3545,135
sentence_window,3546,135
sentence_window,3547,90
sentence_window,3548,102
sentence_window,3549,82
sentence_window,3550,111
sentence_window,3551,81
sentence_window,3552,4
sentence_window,3553,274
sentence_window,3554,129
sentence_window,3555,143
sentence_window,3556,66
sentence_window,3557,66
sentence_window,3558,70
sentence_window,3559,78
sentence_window,3560,97
sentence_window,3561,187
sentence_window,3562,77
sentence_window,3563,76
sentence_window,3564,158
sentence_window,3565,157
sentence_window,3566,84
sentence_window,3567,171
sentence_window,3568,408
sentence_window,3569,270
sentence_window,3570,117
sentence_window,3571,154
sentence_window,3572,230
sentence_window,3573,157
sentence_window,3574,131
sentence_window,3575,101
sentence_window,3576,120
sentence_window,3577,115
sentence_window,3578,97
sentence_window,3579,178
sentence_window,3580,194
sentence_window,3581,220
sentence_window,3582,161
sentence_window,3583,169
sentence_window,3584,189
sentence_window,3585,4
sentence_window,3586,216
sentence_window,3587,102
sentence_window,3588,220
sentence_window,3589,95
sentence_window,3590,74
sentence_window,3591,59
sentence_window,3592,223
sentence_window,3593,173
sentence_window,3594,488
sentence_window,3595,23
sentence_window,3596,373
sentence_window,3597,178
sentence_window,3598,109
sentence_window,3599,77
sentence_window,3600,124
sentence_window,3601,127
sentence_window,3602,107
sentence_window,3603,88
sentence_window,3604,304
sentence_window,3605,166
sentence_window,3606,86
sentence_window,3607,200
sentence_window,3608,247
sentence_window,3609,122
sentence_window,3610,143
sentence_window,3611,93
sentence_window,3612,210
sentence_window,3613,248
sentence_window,3614,177
sentence_window,3615,4
sentence_window,3616,168
sentence_window,3617,151
sentence_window,3618,102
sentence_window,3619,138
sentence_window,3620,147
sentence_window,3621,42
sentence_window,3622,229
sentence_window,3623,199
sentence_window,3624,257
sentence_window,3625,213
sentence_window,3626,298
sentence_window,3627,177
sentence_window,3628,276
sentence_window,3629,200
sentence_window,3630,139
sentence_window,3631,169
sentence_window,3632,225
sentence_window,3633,183
sentence_window,3634,134
sentence_window,3635,92
sentence_window,3636,151
sentence_window,3637,89
sentence_window,3638,93
sentence_window,3639,283
sentence_window,3640,339
sentence_window,3641,59
sentence_window,3642,148
sentence_window,3643,105
sentence_window,3644,4
sentence_window,3645,273
sentence_window,3646,238
sentence_window,3647,109
sentence_window,3648,126
sentence_window,3649,78
sentence_window,3650,53
sentence_window,3651,247
sentence_window,3652,240
sentence_window,3653,196
sentence_window,3654,224
sentence_window,3655,259
sentence_window,3656,29
sentence_window,3657,187
sentence_window,3658,134
sentence_window,3659,92
sentence_window,3660,123
sentence_window,3661,102
sentence_window,3662,24
sentence_window,3663,284
sentence_window,3664,239
sentence_window,3665,93
sentence_window,3666,317
sentence_window,3667,163
sentence_window,3668,206
sentence_window,3669,223
sentence_window,3670,157
sentence_window,3671,192
sentence_window,3672,213
sentence_window,3673,153
sentence_window,3674,4
sentence_window,3675,365
sentence_window,3676,194
sentence_window,3677,108
sentence_window,3678,102
sentence_window,3679,126
sentence_window,3680,156
sentence_window,3681,144
sentence_window,3682,100
sentence_window,3683,158
sentence_window,3684,71
sentence_window,3685,259
sentence_window,3686,204
sentence_window,3687,118
sentence_window,3688,169
sentence_window,3689,178
sentence_window,3690,118
sentence_window,3691,4
sentence_window,3692,212
sentence_window,3693,127
sentence_window,3694,74
sentence_window,3695,54
sentence_window,3696,65
sentence_window,3697,56
sentence_window,3698,70
sentence_window,3699,39
sentence_window,3700,52
sentence_window,3701,60
sentence_window,3702,63
sentence_window,3703,58
sentence_window,3704,51
sentence_window,3705,69
sentence_window,3706,56
sentence_window,3707,70
sentence_window,3708,103
sentence_window,3709,199
sentence_window,3710,46
sentence_window,3711,50
sentence_window,3712,198
sentence_window,3713,186
sentence_window,3714,163
sentence_window,3715,70
sentence_window,3716,114
sentence_window,3717,3
sentence_window,3718,123
sentence_window,3719,59
sentence_window,3720,3
sentence_window,3721,125
sentence_window,3722,81
sentence_window,3723,3
sentence_window,3724,94
sentence_window,3725,129
sentence_window,3726,3
sentence_window,3727,165
sentence_window,3728,34
sentence_window,3729,385
sentence_window,3730,3
sentence_window,3731,123
sentence_window,3732,81
sentence_window,3733,58
sentence_window,3734,38
sentence_window,3735,99
sentence_window,3736,81
sentence_window,3737,3
sentence_window,3738,170
sentence_window,3739,45
sentence_window,3740,4
sentence_window,3741,117
sentence_window,3742,450
sentence_window,3743,4
sentence_window,3744,197
sentence_window,3745,63
sentence_window,3746,29
sentence_window,3747,72
sentence_window,3748,101
sentence_window,3749,52
sentence_window,3750,4
sentence_window,3751,215
sentence_window,3752,109
sentence_window,3753,87
sentence_window,3754,31
sentence_window,3755,34
sentence_window,3756,172
sentence_window,3757,4
sentence_window,3758,165
sentence_window,3759,91
sentence_window,3760,94
sentence_window,3761,127
sentence_window,3762,77
sentence_window,3763,4
sentence_window,3764,108
sentence_window,3765,55
sentence_window,3766,108
sentence_window,3767,73
sentence_window,3768,31
sentence_window,3769,180
sentence_window,3770,75
sentence_window,3771,4
sentence_window,3772,150
sentence_window,3773,89
sentence_window,3774,57
sentence_window,3775,4
sentence_window,3776,170
sentence_window,3777,56
sentence_window,3778,37
sentence_window,3779,145
sentence_window,3780,84
sentence_window,3781,4
sentence_window,3782,51
sentence_window,3783,59
sentence_window,3784,4
sentence_window,3785,183
sentence_window,3786,12
sentence_window,3787,4
sentence_window,3788,152
sentence_window,3789,113
sentence_window,3790,54
sentence_window,3791,4
sentence_window,3792,119
sentence_window,3793,80
sentence_window,3794,4
sentence_window,3795,138
sentence_window,3796,102
sentence_window,3797,50
sentence_window,3798,141
sentence_window,3799,4
sentence_window,3800,90
sentence_window,3801,108
sentence_window,3802,37
sentence_window,3803,183
sentence_window,3804,77
sentence_window,3805,4
sentence_window,3806,67
sentence_window,3807,67
sentence_window,3808,135
sentence_window,3809,4
sentence_window,3810,109
sentence_window,3811,82
sentence_window,3812,4
sentence_window,3813,218
sentence_window,3814,32
sentence_window,3815,33
sentence_window,3816,218
sentence_window,3817,89
sentence_window,3818,4
sentence_window,3819,104
sentence_window,3820,77
sentence_window,3821,4
sentence_window,3822,113
sentence_window,3823,44
sentence_window,3824,30
sentence_window,3825,84
sentence_window,3826,4
sentence_window,3827,127
sentence_window,3828,56
sentence_window,3829,68
sentence_window,3830,158
sentence_window,3831,89
sentence_window,3832,4
sentence_window,3833,134
sentence_window,3834,63
sentence_window,3835,35
sentence_window,3836,4
sentence_window,3837,160
sentence_window,3838,103
sentence_window,3839,56
sentence_window,3840,55
sentence_window,3841,4
sentence_window,3842,131
sentence_window,3843,98
sentence_window,3844,111
sentence_window,3845,83
sentence_window,3846,4
sentence_window,3847,103
sentence_window,3848,82
sentence_window,3849,55
sentence_window,3850,4
sentence_window,3851,135
sentence_window,3852,157
sentence_window,3853,109
sentence_window,3854,24
sentence_window,3855,161
sentence_window,3856,104
sentence_window,3857,67
sentence_window,3858,4
sentence_window,3859,122
sentence_window,3860,139
sentence_window,3861,4
sentence_window,3862,146
sentence_window,3863,80
sentence_window,3864,75
sentence_window,3865,4
sentence_window,3866,169
sentence_window,3867,103
sentence_window,3868,59
sentence_window,3869,113
sentence_window,3870,82
sentence_window,3871,28
sentence_window,3872,37
sentence_window,3873,4
sentence_window,3874,146
sentence_window,3875,117
sentence_window,3876,4
sentence_window,3877,55
sentence_window,3878,130
sentence_window,3879,113
sentence_window,3880,53
sentence_window,3881,69
sentence_window,3882,4
sentence_window,3883,38
sentence_window,3884,55
sentence_window,3885,4
sentence_window,3886,83
sentence_window,3887,78
sentence_window,3888,14
sentence_window,3889,152
sentence_window,3890,102
sentence_window,3891,103
sentence_window,3892,106
sentence_window,3893,107
sentence_window,3894,675
sentence_window,3895,98
sentence_window,3896,514
sentence_window,3897,92
sentence_window,3898,99
sentence_window,3899,107
sentence_window,3900,111
sentence_window,3901,111
sentence_window,3902,1349
sentence_window,3903,102
sentence_window,3904,100
sentence_window,3905,94
sentence_window,3906,604
sentence_window,3907,286
sentence_window,3908,660
sentence_window,3909,469
sentence_window,3910,220
sentence_window,3911,99
sentence_window,3912,190
sentence_window,3913,272
sentence_window,3914,128
sentence_window,3915,166
sentence_window,3916,333
sentence_window,3917,122
sentence_window,3918,193
sentence_window,3919,169
sentence_window,3920,134
sentence_window,3921,91
sentence_window,3922,182
sentence_window,3923,136
sentence_window,3924,316
sentence_window,3925,151
sentence_window,3926,243
sentence_window,3927,92
sentence_window,3928,100
sentence_window,3929,59
sentence_window,3930,121
sentence_window,3931,105
sentence_window,3932,107
sentence_window,3933,106
sentence_window,3934,195
sentence_window,3935,1908
sentence_window,3936,70
sentence_window,3937,110
sentence_window,3938,97
sentence_window,3939,69
sentence_window,3940,182
sentence_window,3941,126
sentence_window,3942,122
sentence_window,3943,243
sentence_window,3944,97
sentence_window,3945,131
sentence_window,3946,160
sentence_window,3947,4
sentence_window,3948,323
sentence_window,3949,495
sentence_window,3950,151
sentence_window,3951,184
sentence_window,3952,177
sentence_window,3953,72
sentence_window,3954,88
sentence_window,3955,46
sentence_window,3956,108
sentence_window,3957,308
sentence_window,3958,195
sentence_window,3959,199
sentence_window,3960,394
sentence_window,3961,180
sentence_window,3962,114
sentence_window,3963,521
sentence_window,3964,274
sentence_window,3965,257
sentence_window,3966,126
sentence_window,3967,380
sentence_window,3968,202
sentence_window,3969,95
sentence_window,3970,694
sentence_window,3971,257
sentence_window,3972,95
sentence_window,3973,158
sentence_window,3974,261
sentence_window,3975,163
sentence_window,3976,356
sentence_window,3977,177
sentence_window,3978,705
sentence_window,3979,199
sentence_window,3980,6
sentence_window,3981,1344
sentence_window,3982,6
sentence_window,3983,393
sentence_window,3984,121
sentence_window,3985,40
sentence_window,3986,43
sentence_window,3987,54
sentence_window,3988,51
sentence_window,3989,89
sentence_window,3990,28
sentence_window,3991,40
sentence_window,3992,56
sentence_window,3993,83
sentence_window,3994,79
sentence_window,3995,135
sentence_window,3996,75
sentence_window,3997,41
sentence_window,3998,142
sentence_window,3999,3
sentence_window,4000,145
sentence_window,4001,79
sentence_window,4002,78
sentence_window,4003,97
sentence_window,4004,3
sentence_window,4005,64
sentence_window,4006,38
sentence_window,4007,53
sentence_window,4008,42
sentence_window,4009,85
sentence_window,4010,66
sentence_window,4011,3
sentence_window,4012,197
sentence_window,4013,84
sentence_window,4014,128
sentence_window,4015,3
sentence_window,4016,146
sentence_window,4017,86
sentence_window,4018,3
sentence_window,4019,90
sentence_window,4020,85
sentence_window,4021,40
sentence_window,4022,90
sentence_window,4023,86
sentence_window,4024,3
sentence_window,4025,152
sentence_window,4026,46
sentence_window,4027,82
sentence_window,4028,35
sentence_window,4029,51
sentence_window,4030,37
sentence_window,4031,36
sentence_window,4032,3
sentence_window,4033,167
sentence_window,4034,41
sentence_window,4035,56
sentence_window,4036,42
sentence_window,4037,37
sentence_window,4038,3
sentence_window,4039,122
sentence_window,4040,97
sentence_window,4041,83
sentence_window,4042,46
sentence_window,4043,107
sentence_window,4044,62
sentence_window,4045,45
sentence_window,4046,122
sentence_window,4047,229
sentence_window,4048,45
sentence_window,4049,58
sentence_window,4050,41
sentence_window,4051,37
sentence_window,4052,3
sentence_window,4053,154
sentence_window,4054,122
sentence_window,4055,136
sentence_window,4056,153
sentence_window,4057,4
sentence_window,4058,100
sentence_window,4059,27
sentence_window,4060,21
sentence_window,4061,55
sentence_window,4062,56
sentence_window,4063,4
sentence_window,4064,74
sentence_window,4065,73
sentence_window,4066,67
sentence_window,4067,89
sentence_window,4068,4
sentence_window,4069,124
sentence_window,4070,48
sentence_window,4071,121
sentence_window,4072,60
sentence_window,4073,97
sentence_window,4074,26
sentence_window,4075,4
sentence_window,4076,85
sentence_window,4077,86
sentence_window,4078,4
sentence_window,4079,88
sentence_window,4080,5
sentence_window,4081,103
sentence_window,4082,44
sentence_window,4083,45
sentence_window,4084,48
sentence_window,4085,100
sentence_window,4086,106
sentence_window,4087,59
sentence_window,4088,53
sentence_window,4089,61
sentence_window,4090,115
sentence_window,4091,4
sentence_window,4092,88
sentence_window,4093,51
sentence_window,4094,40
sentence_window,4095,96
sentence_window,4096,116
sentence_window,4097,102
sentence_window,4098,54
sentence_window,4099,53
sentence_window,4100,4
sentence_window,4101,105
sentence_window,4102,68
sentence_window,4103,60
sentence_window,4104,60
sentence_window,4105,88
sentence_window,4106,49
sentence_window,4107,4
sentence_window,4108,135
sentence_window,4109,78
sentence_window,4110,53
sentence_window,4111,104
sentence_window,4112,76
sentence_window,4113,50
sentence_window,4114,4
sentence_window,4115,127
sentence_window,4116,31
sentence_window,4117,56
sentence_window,4118,46
sentence_window,4119,48
sentence_window,4120,4
sentence_window,4121,145
sentence_window,4122,57
sentence_window,4123,4
sentence_window,4124,139
sentence_window,4125,21
sentence_window,4126,156
sentence_window,4127,128
sentence_window,4128,39
sentence_window,4129,4
sentence_window,4130,140
sentence_window,4131,50
sentence_window,4132,58
sentence_window,4133,53
sentence_window,4134,52
sentence_window,4135,4
sentence_window,4136,124
sentence_window,4137,45
sentence_window,4138,56
sentence_window,4139,161
sentence_window,4140,80
sentence_window,4141,88
sentence_window,4142,76
sentence_window,4143,118
sentence_window,4144,86
sentence_window,4145,112
sentence_window,4146,4
sentence_window,4147,90
sentence_window,4148,132
sentence_window,4149,48
sentence_window,4150,201
sentence_window,4151,59
sentence_window,4152,46
sentence_window,4153,51
sentence_window,4154,102
sentence_window,4155,4
sentence_window,4156,228
sentence_window,4157,34
sentence_window,4158,67
sentence_window,4159,40
sentence_window,4160,25
sentence_window,4161,131
sentence_window,4162,60
sentence_window,4163,70
sentence_window,4164,80
sentence_window,4165,104
sentence_window,4166,102
sentence_window,4167,101
sentence_window,4168,96
sentence_window,4169,102
sentence_window,4170,4
sentence_window,4171,112
sentence_window,4172,34
sentence_window,4173,64
sentence_window,4174,160
sentence_window,4175,4
sentence_window,4176,120
sentence_window,4177,56
sentence_window,4178,4
sentence_window,4179,91
sentence_window,4180,41
sentence_window,4181,100
sentence_window,4182,4
sentence_window,4183,86
sentence_window,4184,65
sentence_window,4185,71
sentence_window,4186,83
sentence_window,4187,139
sentence_window,4188,4
sentence_window,4189,74
sentence_window,4190,64
sentence_window,4191,44
sentence_window,4192,27
sentence_window,4193,93
sentence_window,4194,26
sentence_window,4195,4
sentence_window,4196,118
sentence_window,4197,52
sentence_window,4198,38
sentence_window,4199,111
sentence_window,4200,4
sentence_window,4201,105
sentence_window,4202,60
sentence_window,4203,229
sentence_window,4204,98
sentence_window,4205,39
sentence_window,4206,4
sentence_window,4207,120
sentence_window,4208,78
sentence_window,4209,160
sentence_window,4210,4
sentence_window,4211,79
sentence_window,4212,75
sentence_window,4213,52
sentence_window,4214,43
sentence_window,4215,57
sentence_window,4216,99
sentence_window,4217,82
sentence_window,4218,4
sentence_window,4219,139
sentence_window,4220,4
sentence_window,4221,204
sentence_window,4222,117
sentence_window,4223,91
sentence_window,4224,76
sentence_window,4225,95
sentence_window,4226,4
sentence_window,4227,139
sentence_window,4228,99
sentence_window,4229,63
sentence_window,4230,120
sentence_window,4231,115
sentence_window,4232,34
sentence_window,4233,50
sentence_window,4234,61
sentence_window,4235,4
sentence_window,4236,134
sentence_window,4237,68
sentence_window,4238,85
sentence_window,4239,44
sentence_window,4240,40
sentence_window,4241,18
sentence_window,4242,52
sentence_window,4243,57
sentence_window,4244,4
sentence_window,4245,110
sentence_window,4246,91
sentence_window,4247,83
sentence_window,4248,66
sentence_window,4249,90
sentence_window,4250,30
sentence_window,4251,63
sentence_window,4252,71
sentence_window,4253,116
sentence_window,4254,4
sentence_window,4255,117
sentence_window,4256,24
sentence_window,4257,106
sentence_window,4258,81
sentence_window,4259,59
sentence_window,4260,159
sentence_window,4261,4
sentence_window,4262,77
sentence_window,4263,37
sentence_window,4264,75
sentence_window,4265,85
sentence_window,4266,51
sentence_window,4267,69
sentence_window,4268,40
sentence_window,4269,69
sentence_window,4270,51
sentence_window,4271,175
sentence_window,4272,4
sentence_window,4273,144
sentence_window,4274,86
sentence_window,4275,79
sentence_window,4276,95
sentence_window,4277,49
sentence_window,4278,44
sentence_window,4279,102
sentence_window,4280,4
sentence_window,4281,173
sentence_window,4282,34
sentence_window,4283,26
sentence_window,4284,55
sentence_window,4285,62
sentence_window,4286,49
sentence_window,4287,21
sentence_window,4288,38
sentence_window,4289,106
sentence_window,4290,66
sentence_window,4291,4
sentence_window,4292,136
sentence_window,4293,52
sentence_window,4294,76
sentence_window,4295,58
sentence_window,4296,58
sentence_window,4297,22
sentence_window,4298,64
sentence_window,4299,97
sentence_window,4300,4
sentence_window,4301,98
sentence_window,4302,55
sentence_window,4303,117
sentence_window,4304,28
sentence_window,4305,85
sentence_window,4306,98
sentence_window,4307,119
sentence_window,4308,89
sentence_window,4309,119
sentence_window,4310,123
sentence_window,4311,4
sentence_window,4312,139
sentence_window,4313,60
sentence_window,4314,59
sentence_window,4315,84
sentence_window,4316,127
sentence_window,4317,4
sentence_window,4318,92
sentence_window,4319,105
sentence_window,4320,4
sentence_window,4321,95
sentence_window,4322,98
sentence_window,4323,76
sentence_window,4324,172
sentence_window,4325,86
sentence_window,4326,61
sentence_window,4327,107
sentence_window,4328,4
sentence_window,4329,77
sentence_window,4330,47
sentence_window,4331,38
sentence_window,4332,46
sentence_window,4333,81
sentence_window,4334,86
sentence_window,4335,49
sentence_window,4336,4
sentence_window,4337,61
sentence_window,4338,37
sentence_window,4339,42
sentence_window,4340,85
sentence_window,4341,50
sentence_window,4342,90
sentence_window,4343,152
sentence_window,4344,88
sentence_window,4345,56
sentence_window,4346,110
sentence_window,4347,111
sentence_window,4348,4
sentence_window,4349,79
sentence_window,4350,52
sentence_window,4351,105
sentence_window,4352,58
sentence_window,4353,108
sentence_window,4354,4
sentence_window,4355,89
sentence_window,4356,84
sentence_window,4357,71
sentence_window,4358,4
sentence_window,4359,124
sentence_window,4360,37
sentence_window,4361,100
sentence_window,4362,80
sentence_window,4363,53
sentence_window,4364,43
sentence_window,4365,60
sentence_window,4366,96
sentence_window,4367,116
sentence_window,4368,99
sentence_window,4369,79
sentence_window,4370,245
sentence_window,4371,121
sentence_window,4372,40
sentence_window,4373,106
sentence_window,4374,32
sentence_window,4375,34
sentence_window,4376,66
sentence_window,4377,15
sentence_window,4378,79
sentence_window,4379,44
sentence_window,4380,99
sentence_window,4381,102
sentence_window,4382,37
sentence_window,4383,125
sentence_window,4384,39
sentence_window,4385,46
sentence_window,4386,3
sentence_window,4387,93
sentence_window,4388,25
sentence_window,4389,29
sentence_window,4390,38
sentence_window,4391,49
sentence_window,4392,94
sentence_window,4393,55
sentence_window,4394,55
sentence_window,4395,3
sentence_window,4396,120
sentence_window,4397,64
sentence_window,4398,92
sentence_window,4399,77
sentence_window,4400,29
sentence_window,4401,141
sentence_window,4402,122
sentence_window,4403,29
sentence_window,4404,116
sentence_window,4405,45
sentence_window,4406,3
sentence_window,4407,142
sentence_window,4408,119
sentence_window,4409,185
sentence_window,4410,3
sentence_window,4411,156
sentence_window,4412,14
sentence_window,4413,3
sentence_window,4414,91
sentence_window,4415,41
sentence_window,4416,71
sentence_window,4417,35
sentence_window,4418,39
sentence_window,4419,3
sentence_window,4420,170
sentence_window,4421,45
sentence_window,4422,85
sentence_window,4423,3
sentence_window,4424,66
sentence_window,4425,38
sentence_window,4426,71
sentence_window,4427,56
sentence_window,4428,62
sentence_window,4429,72
sentence_window,4430,81
sentence_window,4431,80
sentence_window,4432,91
sentence_window,4433,120
sentence_window,4434,3
sentence_window,4435,90
sentence_window,4436,68
sentence_window,4437,52
sentence_window,4438,86
sentence_window,4439,82
sentence_window,4440,82
sentence_window,4441,92
sentence_window,4442,4
sentence_window,4443,60
sentence_window,4444,59
sentence_window,4445,32
sentence_window,4446,66
sentence_window,4447,99
sentence_window,4448,98
sentence_window,4449,51
sentence_window,4450,4
sentence_window,4451,170
sentence_window,4452,60
sentence_window,4453,81
sentence_window,4454,49
sentence_window,4455,13
sentence_window,4456,4
sentence_window,4457,115
sentence_window,4458,47
sentence_window,4459,57
sentence_window,4460,68
sentence_window,4461,95
sentence_window,4462,58
sentence_window,4463,83
sentence_window,4464,70
sentence_window,4465,31
sentence_window,4466,41
sentence_window,4467,13
sentence_window,4468,43
sentence_window,4469,51
sentence_window,4470,84
sentence_window,4471,4
sentence_window,4472,108
sentence_window,4473,44
sentence_window,4474,67
sentence_window,4475,4
sentence_window,4476,99
sentence_window,4477,37
sentence_window,4478,75
sentence_window,4479,31
sentence_window,4480,65
sentence_window,4481,36
sentence_window,4482,76
sentence_window,4483,87
sentence_window,4484,70
sentence_window,4485,23
sentence_window,4486,81
sentence_window,4487,99
sentence_window,4488,51
sentence_window,4489,12
sentence_window,4490,114
sentence_window,4491,54
sentence_window,4492,4
sentence_window,4493,81
sentence_window,4494,43
sentence_window,4495,48
sentence_window,4496,43
sentence_window,4497,112
sentence_window,4498,32
sentence_window,4499,16
sentence_window,4500,56
sentence_window,4501,63
sentence_window,4502,57
sentence_window,4503,60
sentence_window,4504,54
sentence_window,4505,50
sentence_window,4506,58
sentence_window,4507,55
sentence_window,4508,4
sentence_window,4509,83
sentence_window,4510,57
sentence_window,4511,62
sentence_window,4512,37
sentence_window,4513,28
sentence_window,4514,87
sentence_window,4515,60
sentence_window,4516,40
sentence_window,4517,4
sentence_window,4518,103
sentence_window,4519,67
sentence_window,4520,69
sentence_window,4521,86
sentence_window,4522,4
sentence_window,4523,72
sentence_window,4524,23
sentence_window,4525,68
sentence_window,4526,80
sentence_window,4527,137
sentence_window,4528,24
sentence_window,4529,64
sentence_window,4530,4
sentence_window,4531,111
sentence_window,4532,60
sentence_window,4533,55
sentence_window,4534,69
sentence_window,4535,29
sentence_window,4536,12
sentence_window,4537,37
sentence_window,4538,4
sentence_window,4539,119
sentence_window,4540,91
sentence_window,4541,33
sentence_window,4542,46
sentence_window,4543,89
sentence_window,4544,4
sentence_window,4545,123
sentence_window,4546,31
sentence_window,4547,26
sentence_window,4548,22
sentence_window,4549,46
sentence_window,4550,60
sentence_window,4551,89
sentence_window,4552,63
sentence_window,4553,4
sentence_window,4554,70
sentence_window,4555,46
sentence_window,4556,59
sentence_window,4557,65
sentence_window,4558,88
sentence_window,4559,51
sentence_window,4560,25
sentence_window,4561,62
sentence_window,4562,92
sentence_window,4563,76
sentence_window,4564,4
sentence_window,4565,74
sentence_window,4566,79
sentence_window,4567,108
sentence_window,4568,95
sentence_window,4569,122
sentence_window,4570,38
sentence_window,4571,26
sentence_window,4572,4
sentence_window,4573,88
sentence_window,4574,19
sentence_window,4575,25
sentence_window,4576,75
sentence_window,4577,81
sentence_window,4578,79
sentence_window,4579,87
sentence_window,4580,83
sentence_window,4581,67
sentence_window,4582,86
sentence_window,4583,85
sentence_window,4584,90
sentence_window,4585,73
sentence_window,4586,80
sentence_window,4587,90
sentence_window,4588,86
sentence_window,4589,46
sentence_window,4590,4
sentence_window,4591,61
sentence_window,4592,40
sentence_window,4593,57
sentence_window,4594,12
sentence_window,4595,4
sentence_window,4596,109
sentence_window,4597,58
sentence_window,4598,61
sentence_window,4599,4
sentence_window,4600,85
sentence_window,4601,46
sentence_window,4602,58
sentence_window,4603,84
sentence_window,4604,4
sentence_window,4605,73
sentence_window,4606,92
sentence_window,4607,148
sentence_window,4608,4
sentence_window,4609,56
sentence_window,4610,61
sentence_window,4611,45
sentence_window,4612,33
sentence_window,4613,30
sentence_window,4614,44
sentence_window,4615,4
sentence_window,4616,104
sentence_window,4617,61
sentence_window,4618,72
sentence_window,4619,55
sentence_window,4620,4
sentence_window,4621,85
sentence_window,4622,69
sentence_window,4623,45
sentence_window,4624,93
sentence_window,4625,4
sentence_window,4626,211
sentence_window,4627,4
sentence_window,4628,211
sentence_window,4629,77
sentence_window,4630,135
sentence_window,4631,4
sentence_window,4632,100
sentence_window,4633,66
sentence_window,4634,19
sentence_window,4635,62
sentence_window,4636,4
sentence_window,4637,109
sentence_window,4638,36
sentence_window,4639,64
sentence_window,4640,119
sentence_window,4641,80
sentence_window,4642,68
sentence_window,4643,70
sentence_window,4644,56
sentence_window,4645,77
sentence_window,4646,83
sentence_window,4647,70
sentence_window,4648,88
sentence_window,4649,91
sentence_window,4650,91
sentence_window,4651,97
sentence_window,4652,103
sentence_window,4653,54
sentence_window,4654,4
sentence_window,4655,137
sentence_window,4656,59
sentence_window,4657,71
sentence_window,4658,44
sentence_window,4659,4
sentence_window,4660,96
sentence_window,4661,100
sentence_window,4662,78
sentence_window,4663,158
sentence_window,4664,130
sentence_window,4665,89
sentence_window,4666,106
sentence_window,4667,4
sentence_window,4668,102
sentence_window,4669,95
sentence_window,4670,85
sentence_window,4671,78
sentence_window,4672,4
sentence_window,4673,101
sentence_window,4674,71
sentence_window,4675,49
sentence_window,4676,34
sentence_window,4677,4
sentence_window,4678,74
sentence_window,4679,41
sentence_window,4680,72
sentence_window,4681,42
sentence_window,4682,4
sentence_window,4683,95
sentence_window,4684,53
sentence_window,4685,52
sentence_window,4686,96
sentence_window,4687,75
sentence_window,4688,4
sentence_window,4689,94
sentence_window,4690,41
sentence_window,4691,45
sentence_window,4692,58
sentence_window,4693,68
sentence_window,4694,86
sentence_window,4695,120
sentence_window,4696,60
sentence_window,4697,52
sentence_window,4698,4
sentence_window,4699,110
sentence_window,4700,66
sentence_window,4701,54
sentence_window,4702,4
sentence_window,4703,158
sentence_window,4704,52
sentence_window,4705,46
sentence_window,4706,45
sentence_window,4707,42
sentence_window,4708,39
sentence_window,4709,51
sentence_window,4710,67
sentence_window,4711,76
sentence_window,4712,38
sentence_window,4713,69
sentence_window,4714,18
sentence_window,4715,4
sentence_window,4716,137
sentence_window,4717,56
sentence_window,4718,92
sentence_window,4719,4
sentence_window,4720,81
sentence_window,4721,4
sentence_window,4722,87
sentence_window,4723,37
sentence_window,4724,26
sentence_window,4725,43
sentence_window,4726,56
sentence_window,4727,39
sentence_window,4728,96
sentence_window,4729,4
sentence_window,4730,129
sentence_window,4731,53
sentence_window,4732,65
sentence_window,4733,4
sentence_window,4734,46
sentence_window,4735,59
sentence_window,4736,90
sentence_window,4737,80
sentence_window,4738,67
sentence_window,4739,54
sentence_window,4740,4
sentence_window,4741,78
sentence_window,4742,46
sentence_window,4743,4
sentence_window,4744,134
sentence_window,4745,183
sentence_window,4746,90
sentence_window,4747,79
sentence_window,4748,79
